use devops_ci_quality;
set names utf8mb4;

-- 质量红线指标和控制点初始化

-- 控制点
INSERT IGNORE INTO `T_QUALITY_CONTROL_POINT` (`ID`, `ELEMENT_TYPE`, `NAME`, `STAGE`, `AVAILABLE_POSITION`, `DEFAULT_POSITION`, `ENABLE`, `CREATE_USER`, `UPDATE_USER`, `CREATE_TIME`, `UPDATE_TIME`) values('1','linuxPaasCodeCCScript','CodeCC代码检查任务','开发','BEFORE,AFTER','BEFORE',b'1','admin','admin','2019-02-28 15:58:26','2019-02-28 15:58:26');
INSERT IGNORE INTO `T_QUALITY_CONTROL_POINT` (`ID`, `ELEMENT_TYPE`, `NAME`, `STAGE`, `AVAILABLE_POSITION`, `DEFAULT_POSITION`, `ENABLE`, `CREATE_USER`, `UPDATE_USER`, `CREATE_TIME`, `UPDATE_TIME`) values('12','linuxScript','脚本任务（linux和macOS环境）','开发','BEFORE,AFTER','AFTER',b'1','admin','admin','2019-03-13 15:17:08','2019-03-25 16:56:26');
INSERT IGNORE INTO `T_QUALITY_CONTROL_POINT` (`ID`, `ELEMENT_TYPE`, `NAME`, `STAGE`, `AVAILABLE_POSITION`, `DEFAULT_POSITION`, `ENABLE`, `CREATE_USER`, `UPDATE_USER`, `CREATE_TIME`, `UPDATE_TIME`) values('13','windowsScript','脚本任务（windows环境）','开发','BEFORE,AFTER','AFTER',b'1','admin','admin','2019-03-13 15:17:08','2019-03-25 16:56:28');
INSERT IGNORE INTO `T_QUALITY_CONTROL_POINT` (`ID`, `ELEMENT_TYPE`, `NAME`, `STAGE`, `AVAILABLE_POSITION`, `DEFAULT_POSITION`, `ENABLE`, `CREATE_USER`, `UPDATE_USER`, `CREATE_TIME`, `UPDATE_TIME`) values('3','jobDevOpsFastPushFile','作业平台-构件分发','部署测试环境','BEFORE','BEFORE',b'1','admin','admin','2019-03-13 15:17:08','2019-03-26 17:11:44');

-- 指标
REPLACE INTO `T_QUALITY_INDICATOR` (`ID`, `ELEMENT_TYPE`, `ELEMENT_NAME`, `ELEMENT_DETAIL`, `EN_NAME`, `CN_NAME`, `METADATA_IDS`, `DEFAULT_OPERATION`, `OPERATION_AVAILABLE`, `THRESHOLD`, `THRESHOLD_TYPE`, `DESC`, `INDICATOR_READ_ONLY`, `STAGE`, `INDICATOR_RANGE`, `ENABLE`, `TYPE`, `TAG`, `CREATE_USER`, `UPDATE_USER`, `CREATE_TIME`, `UPDATE_TIME`) values('1001','CodeCCCheckAtom','腾讯代码分析','COVERITY','coverity_defects_all','Coverity遗留总告警数','56,57,58','LE','LT,LE','0','INT','Coverity遗留总告警数','','开发','ANY','','SYSTEM','NOOPEN','admin','admin','2019-04-03 12:12:06','2019-04-03 12:12:06');
REPLACE INTO `T_QUALITY_INDICATOR` (`ID`, `ELEMENT_TYPE`, `ELEMENT_NAME`, `ELEMENT_DETAIL`, `EN_NAME`, `CN_NAME`, `METADATA_IDS`, `DEFAULT_OPERATION`, `OPERATION_AVAILABLE`, `THRESHOLD`, `THRESHOLD_TYPE`, `DESC`, `INDICATOR_READ_ONLY`, `STAGE`, `INDICATOR_RANGE`, `ENABLE`, `TYPE`, `TAG`, `CREATE_USER`, `UPDATE_USER`, `CREATE_TIME`, `UPDATE_TIME`) values('1002','CodeCCCheckAtom','腾讯代码分析','COVERITY','coverity_defect_serious','Coverity遗留严重告警数','56','LE','LT,LE','0','INT','Coverity遗留严重告警数','','开发','ANY','','SYSTEM','NOOPEN','admin','admin','2019-04-03 12:13:33','2019-04-03 12:13:33');
REPLACE INTO `T_QUALITY_INDICATOR` (`ID`, `ELEMENT_TYPE`, `ELEMENT_NAME`, `ELEMENT_DETAIL`, `EN_NAME`, `CN_NAME`, `METADATA_IDS`, `DEFAULT_OPERATION`, `OPERATION_AVAILABLE`, `THRESHOLD`, `THRESHOLD_TYPE`, `DESC`, `INDICATOR_READ_ONLY`, `STAGE`, `INDICATOR_RANGE`, `ENABLE`, `TYPE`, `TAG`, `CREATE_USER`, `UPDATE_USER`, `CREATE_TIME`, `UPDATE_TIME`) values('1003','CodeCCCheckAtom','腾讯代码分析','COVERITY','coverity_defect_seriousgeneral','Coverity遗留严重+一般告警数','56,57','LE','LT,LE','0','INT','Coverity遗留严重+一般告警数','','开发','ANY','','SYSTEM','NOOPEN','admin','admin','2019-04-03 12:16:14','2019-04-03 12:16:14');
REPLACE INTO `T_QUALITY_INDICATOR` (`ID`, `ELEMENT_TYPE`, `ELEMENT_NAME`, `ELEMENT_DETAIL`, `EN_NAME`, `CN_NAME`, `METADATA_IDS`, `DEFAULT_OPERATION`, `OPERATION_AVAILABLE`, `THRESHOLD`, `THRESHOLD_TYPE`, `DESC`, `INDICATOR_READ_ONLY`, `STAGE`, `INDICATOR_RANGE`, `ENABLE`, `TYPE`, `TAG`, `CREATE_USER`, `UPDATE_USER`, `CREATE_TIME`, `UPDATE_TIME`) values('1008','CodeCCCheckAtom','腾讯代码分析','COVERITY','coverity_serious_defect','Coverity严重告警数','56','LE','LT,LE','0','INT','Coverityy遗留严重告警数','','开发','ANY','','SYSTEM','NOOPEN','admin','admin','2019-04-09 21:34:28','2019-04-09 21:35:07');
REPLACE INTO `T_QUALITY_INDICATOR` (`ID`, `ELEMENT_TYPE`, `ELEMENT_NAME`, `ELEMENT_DETAIL`, `EN_NAME`, `CN_NAME`, `METADATA_IDS`, `DEFAULT_OPERATION`, `OPERATION_AVAILABLE`, `THRESHOLD`, `THRESHOLD_TYPE`, `DESC`, `INDICATOR_READ_ONLY`, `STAGE`, `INDICATOR_RANGE`, `ENABLE`, `TYPE`, `TAG`, `CREATE_USER`, `UPDATE_USER`, `CREATE_TIME`, `UPDATE_TIME`) values('1009','CodeCCCheckAtom','腾讯代码分析','SENSITIVE','sensitive_defect','敏感信息告警数','141,142,143,144,145,146','LE','LT,LE','0','INT','敏感信息遗留告警数','','开发','ANY','','SYSTEM','NOOPEN','admin','admin','2019-04-09 21:39:36','2019-04-09 21:39:43');
REPLACE INTO `T_QUALITY_INDICATOR` (`ID`, `ELEMENT_TYPE`, `ELEMENT_NAME`, `ELEMENT_DETAIL`, `EN_NAME`, `CN_NAME`, `METADATA_IDS`, `DEFAULT_OPERATION`, `OPERATION_AVAILABLE`, `THRESHOLD`, `THRESHOLD_TYPE`, `DESC`, `INDICATOR_READ_ONLY`, `STAGE`, `INDICATOR_RANGE`, `ENABLE`, `TYPE`, `TAG`, `CREATE_USER`, `UPDATE_USER`, `CREATE_TIME`, `UPDATE_TIME`) values('1010','CodeCCCheckAtom','腾讯代码分析','COVERITY','coverity_abovenormal_defect','Coverity严重+一般告警数','57,56','LE','LT,LE','0','INT','Coverity遗留严重+一般告警数','','开发','ANY','','SYSTEM','NOOPEN','admin','admin','2019-04-09 21:53:59','2019-04-09 21:54:03');
REPLACE INTO `T_QUALITY_INDICATOR` (`ID`, `ELEMENT_TYPE`, `ELEMENT_NAME`, `ELEMENT_DETAIL`, `EN_NAME`, `CN_NAME`, `METADATA_IDS`, `DEFAULT_OPERATION`, `OPERATION_AVAILABLE`, `THRESHOLD`, `THRESHOLD_TYPE`, `DESC`, `INDICATOR_READ_ONLY`, `STAGE`, `INDICATOR_RANGE`, `ENABLE`, `TYPE`, `TAG`, `CREATE_USER`, `UPDATE_USER`, `CREATE_TIME`, `UPDATE_TIME`) values('1011','CodeCCCheckAtom','腾讯代码分析','COVERITY','coverity_all_defects','Coverity总告警数','58,57,56','LE','LT,LE','0','INT','Coverity遗留总告警数','','开发','ANY','','SYSTEM','NOOPEN','admin','admin','2019-04-09 21:55:44','2019-04-09 22:03:16');
REPLACE INTO `T_QUALITY_INDICATOR` (`ID`, `ELEMENT_TYPE`, `ELEMENT_NAME`, `ELEMENT_DETAIL`, `EN_NAME`, `CN_NAME`, `METADATA_IDS`, `DEFAULT_OPERATION`, `OPERATION_AVAILABLE`, `THRESHOLD`, `THRESHOLD_TYPE`, `DESC`, `INDICATOR_READ_ONLY`, `STAGE`, `INDICATOR_RANGE`, `ENABLE`, `TYPE`, `TAG`, `CREATE_USER`, `UPDATE_USER`, `CREATE_TIME`, `UPDATE_TIME`) values('1013','CodeCCCheckAtom','腾讯代码分析','KLOCWORK','klocwork_serious_defect','Klocwork严重告警数','53','LE','LT,LE','0','INT','Klocwork严重告警数','','开发','ANY','','SYSTEM','','admin','admin','2019-04-09 22:06:22','2019-04-09 22:06:33');
REPLACE INTO `T_QUALITY_INDICATOR` (`ID`, `ELEMENT_TYPE`, `ELEMENT_NAME`, `ELEMENT_DETAIL`, `EN_NAME`, `CN_NAME`, `METADATA_IDS`, `DEFAULT_OPERATION`, `OPERATION_AVAILABLE`, `THRESHOLD`, `THRESHOLD_TYPE`, `DESC`, `INDICATOR_READ_ONLY`, `STAGE`, `INDICATOR_RANGE`, `ENABLE`, `TYPE`, `TAG`, `CREATE_USER`, `UPDATE_USER`, `CREATE_TIME`, `UPDATE_TIME`) values('1014','CodeCCCheckAtom','腾讯代码分析','KLOCWORK','klocwork_abovenormal_defect','Klocwork严重+一般告警数','53,54','LE','LT,LE','0','INT','Klocwork严重+一般告警数','','开发','ANY','','SYSTEM','','admin','admin','2019-04-09 22:07:52','2019-04-09 22:32:35');
REPLACE INTO `T_QUALITY_INDICATOR` (`ID`, `ELEMENT_TYPE`, `ELEMENT_NAME`, `ELEMENT_DETAIL`, `EN_NAME`, `CN_NAME`, `METADATA_IDS`, `DEFAULT_OPERATION`, `OPERATION_AVAILABLE`, `THRESHOLD`, `THRESHOLD_TYPE`, `DESC`, `INDICATOR_READ_ONLY`, `STAGE`, `INDICATOR_RANGE`, `ENABLE`, `TYPE`, `TAG`, `CREATE_USER`, `UPDATE_USER`, `CREATE_TIME`, `UPDATE_TIME`) values('1015','CodeCCCheckAtom','腾讯代码分析','KLOCWORK','klocwork_all_defect','Klocwork总告警数','55,54,53','LE','LE,LT','0','INT','Klocwork总告警数','','开发','ANY','','SYSTEM','','admin','admin','2019-04-09 22:16:31','2019-04-09 22:32:34');
REPLACE INTO `T_QUALITY_INDICATOR` (`ID`, `ELEMENT_TYPE`, `ELEMENT_NAME`, `ELEMENT_DETAIL`, `EN_NAME`, `CN_NAME`, `METADATA_IDS`, `DEFAULT_OPERATION`, `OPERATION_AVAILABLE`, `THRESHOLD`, `THRESHOLD_TYPE`, `DESC`, `INDICATOR_READ_ONLY`, `STAGE`, `INDICATOR_RANGE`, `ENABLE`, `TYPE`, `TAG`, `CREATE_USER`, `UPDATE_USER`, `CREATE_TIME`, `UPDATE_TIME`) values('1016','CodeCCCheckAtom','腾讯代码分析','CPPLINT','cpplint_all_defect','CppLint总告警数','1,2,3,4,5,6','LE','LE,LT','0','INT','CppLint总告警数','','开发','ANY',b'1','SYSTEM','','admin','admin','2019-04-09 22:29:33','2019-04-09 22:32:24');
REPLACE INTO `T_QUALITY_INDICATOR` (`ID`, `ELEMENT_TYPE`, `ELEMENT_NAME`, `ELEMENT_DETAIL`, `EN_NAME`, `CN_NAME`, `METADATA_IDS`, `DEFAULT_OPERATION`, `OPERATION_AVAILABLE`, `THRESHOLD`, `THRESHOLD_TYPE`, `DESC`, `INDICATOR_READ_ONLY`, `STAGE`, `INDICATOR_RANGE`, `ENABLE`, `TYPE`, `TAG`, `CREATE_USER`, `UPDATE_USER`, `CREATE_TIME`, `UPDATE_TIME`) values('1022','CodeCCCheckAtom','腾讯代码分析','DUPC','dupc_average','平均代码重复率','49','LE','LT,LE','0.1','FLOAT','平均代码重复率','','开发','ANY',b'1','SYSTEM','NOOPEN','admin','admin','2019-04-09 22:49:52','2019-04-23 11:12:03');
REPLACE INTO `T_QUALITY_INDICATOR` (`ID`, `ELEMENT_TYPE`, `ELEMENT_NAME`, `ELEMENT_DETAIL`, `EN_NAME`, `CN_NAME`, `METADATA_IDS`, `DEFAULT_OPERATION`, `OPERATION_AVAILABLE`, `THRESHOLD`, `THRESHOLD_TYPE`, `DESC`, `INDICATOR_READ_ONLY`, `STAGE`, `INDICATOR_RANGE`, `ENABLE`, `TYPE`, `TAG`, `CREATE_USER`, `UPDATE_USER`, `CREATE_TIME`, `UPDATE_TIME`) values('1023','CodeCCCheckAtom','腾讯代码分析','DUPC','dupc_filemax','单文件代码重复率最大值','48','LE','LT,LE','0.1','FLOAT','单文件代码重复率最大值','','开发','ANY',b'1','SYSTEM','NOOPEN','admin','admin','2019-04-09 22:51:57','2019-04-23 11:11:57');
REPLACE INTO `T_QUALITY_INDICATOR` (`ID`, `ELEMENT_TYPE`, `ELEMENT_NAME`, `ELEMENT_DETAIL`, `EN_NAME`, `CN_NAME`, `METADATA_IDS`, `DEFAULT_OPERATION`, `OPERATION_AVAILABLE`, `THRESHOLD`, `THRESHOLD_TYPE`, `DESC`, `INDICATOR_READ_ONLY`, `STAGE`, `INDICATOR_RANGE`, `ENABLE`, `TYPE`, `TAG`, `CREATE_USER`, `UPDATE_USER`, `CREATE_TIME`, `UPDATE_TIME`) values('1025','CodeCCCheckAtom','腾讯代码分析','CCN','ccn_average','代码平均圈复杂度','43','LE','LT,LE','3','FLOAT','代码平均圈复杂度','','开发','ANY',b'1','SYSTEM','NOOPEN','admin','admin','2019-04-10 11:10:59','2019-04-23 11:11:49');
REPLACE INTO `T_QUALITY_INDICATOR` (`ID`, `ELEMENT_TYPE`, `ELEMENT_NAME`, `ELEMENT_DETAIL`, `EN_NAME`, `CN_NAME`, `METADATA_IDS`, `DEFAULT_OPERATION`, `OPERATION_AVAILABLE`, `THRESHOLD`, `THRESHOLD_TYPE`, `DESC`, `INDICATOR_READ_ONLY`, `STAGE`, `INDICATOR_RANGE`, `ENABLE`, `TYPE`, `TAG`, `CREATE_USER`, `UPDATE_USER`, `CREATE_TIME`, `UPDATE_TIME`) values('1027','CodeCCCheckAtom','腾讯代码分析','CPPLINT','cpplint_serious_general_defect','CppLint严重+一般告警数','1,2,4,5','LE','LE,LT','0','INT','CppLint严重+一般告警数','','开发','ANY',b'1','SYSTEM','','v_lzhiweili','v_lzhiweili','2019-04-10 11:19:38','2019-04-15 12:15:53');
REPLACE INTO `T_QUALITY_INDICATOR` (`ID`, `ELEMENT_TYPE`, `ELEMENT_NAME`, `ELEMENT_DETAIL`, `EN_NAME`, `CN_NAME`, `METADATA_IDS`, `DEFAULT_OPERATION`, `OPERATION_AVAILABLE`, `THRESHOLD`, `THRESHOLD_TYPE`, `DESC`, `INDICATOR_READ_ONLY`, `STAGE`, `INDICATOR_RANGE`, `ENABLE`, `TYPE`, `TAG`, `CREATE_USER`, `UPDATE_USER`, `CREATE_TIME`, `UPDATE_TIME`) values('1028','CodeCCCheckAtom','腾讯代码分析','CCN','ccn_funcmax','单函数圈复杂度最大值','44','LE','LT,LE','40','INT','单函数圈复杂度最大值','','开发','ANY',b'1','SYSTEM','NOOPEN','admin','admin','2019-04-10 11:20:15','2019-04-23 11:11:44');
REPLACE INTO `T_QUALITY_INDICATOR` (`ID`, `ELEMENT_TYPE`, `ELEMENT_NAME`, `ELEMENT_DETAIL`, `EN_NAME`, `CN_NAME`, `METADATA_IDS`, `DEFAULT_OPERATION`, `OPERATION_AVAILABLE`, `THRESHOLD`, `THRESHOLD_TYPE`, `DESC`, `INDICATOR_READ_ONLY`, `STAGE`, `INDICATOR_RANGE`, `ENABLE`, `TYPE`, `TAG`, `CREATE_USER`, `UPDATE_USER`, `CREATE_TIME`, `UPDATE_TIME`) values('1029','CodeCCCheckAtom','腾讯代码分析','CPPLINT','cppint_serious_defect','CppLint严重告警数','1,4','LE','LE,LT','0','INT','CppLint严重告警数','','开发','ANY',b'1','SYSTEM','','v_lzhiweili','v_lzhiweili','2019-04-10 11:20:54','2019-04-15 12:15:12');
REPLACE INTO `T_QUALITY_INDICATOR` (`ID`, `ELEMENT_TYPE`, `ELEMENT_NAME`, `ELEMENT_DETAIL`, `EN_NAME`, `CN_NAME`, `METADATA_IDS`, `DEFAULT_OPERATION`, `OPERATION_AVAILABLE`, `THRESHOLD`, `THRESHOLD_TYPE`, `DESC`, `INDICATOR_READ_ONLY`, `STAGE`, `INDICATOR_RANGE`, `ENABLE`, `TYPE`, `TAG`, `CREATE_USER`, `UPDATE_USER`, `CREATE_TIME`, `UPDATE_TIME`) values('1030','CodeCCCheckAtom','腾讯代码分析','CPPLINT','cpplint__before_defect','CppLint接入前历史告警数','5,4,6','LE','LE,LT','0','INT','CppLint接入前文件告警数','','开发','ANY',b'1','SYSTEM','','v_lzhiweili','admin','2019-04-10 11:21:57','2019-05-28 10:48:34');
REPLACE INTO `T_QUALITY_INDICATOR` (`ID`, `ELEMENT_TYPE`, `ELEMENT_NAME`, `ELEMENT_DETAIL`, `EN_NAME`, `CN_NAME`, `METADATA_IDS`, `DEFAULT_OPERATION`, `OPERATION_AVAILABLE`, `THRESHOLD`, `THRESHOLD_TYPE`, `DESC`, `INDICATOR_READ_ONLY`, `STAGE`, `INDICATOR_RANGE`, `ENABLE`, `TYPE`, `TAG`, `CREATE_USER`, `UPDATE_USER`, `CREATE_TIME`, `UPDATE_TIME`) values('1031','CodeCCCheckAtom','腾讯代码分析','CPPLINT','cpplint_after_defect','CppLint接入后新告警数','3,2,1','LE','LE,LT','0','INT','CppLint接入后文件告警数','','开发','ANY',b'1','SYSTEM','','v_lzhiweili','admin','2019-04-10 11:23:17','2019-05-28 10:48:20');
REPLACE INTO `T_QUALITY_INDICATOR` (`ID`, `ELEMENT_TYPE`, `ELEMENT_NAME`, `ELEMENT_DETAIL`, `EN_NAME`, `CN_NAME`, `METADATA_IDS`, `DEFAULT_OPERATION`, `OPERATION_AVAILABLE`, `THRESHOLD`, `THRESHOLD_TYPE`, `DESC`, `INDICATOR_READ_ONLY`, `STAGE`, `INDICATOR_RANGE`, `ENABLE`, `TYPE`, `TAG`, `CREATE_USER`, `UPDATE_USER`, `CREATE_TIME`, `UPDATE_TIME`) values('1032','CodeCCCheckAtom','腾讯代码分析','CHECKSTYLE','checkstyle_all_defect','Checkstyle总告警数 ','29,30,31,32,33,34','LE','LE,LT','0','INT','Checkstyle总告警数 ','','开发','ANY',b'1','SYSTEM','','v_lzhiweili','admin','2019-04-10 11:27:29','2019-04-23 10:56:08');
REPLACE INTO `T_QUALITY_INDICATOR` (`ID`, `ELEMENT_TYPE`, `ELEMENT_NAME`, `ELEMENT_DETAIL`, `EN_NAME`, `CN_NAME`, `METADATA_IDS`, `DEFAULT_OPERATION`, `OPERATION_AVAILABLE`, `THRESHOLD`, `THRESHOLD_TYPE`, `DESC`, `INDICATOR_READ_ONLY`, `STAGE`, `INDICATOR_RANGE`, `ENABLE`, `TYPE`, `TAG`, `CREATE_USER`, `UPDATE_USER`, `CREATE_TIME`, `UPDATE_TIME`) values('1033','CodeCCCheckAtom','腾讯代码分析','CHECKSTYLE','checkstyle_serious_general_def','Checkstyle严重+一般告警数','29,30,32,33','LE','LE,LT','0','INT','Checkstyle严重+一般告警数','','开发','ANY',b'1','SYSTEM','','v_lzhiweili','v_lzhiweili','2019-04-10 11:28:21','2019-04-15 12:14:45');
REPLACE INTO `T_QUALITY_INDICATOR` (`ID`, `ELEMENT_TYPE`, `ELEMENT_NAME`, `ELEMENT_DETAIL`, `EN_NAME`, `CN_NAME`, `METADATA_IDS`, `DEFAULT_OPERATION`, `OPERATION_AVAILABLE`, `THRESHOLD`, `THRESHOLD_TYPE`, `DESC`, `INDICATOR_READ_ONLY`, `STAGE`, `INDICATOR_RANGE`, `ENABLE`, `TYPE`, `TAG`, `CREATE_USER`, `UPDATE_USER`, `CREATE_TIME`, `UPDATE_TIME`) values('1034','CodeCCCheckAtom','腾讯代码分析','CHECKSTYLE','checkstyle_serious_defect','Checkstyle严重告警数','29,32','LE','LE,LT','0','INT','Checkstyle严重告警数','','开发','ANY',b'1','SYSTEM','','v_lzhiweili','v_lzhiweili','2019-04-10 11:29:04','2019-04-15 12:14:40');
REPLACE INTO `T_QUALITY_INDICATOR` (`ID`, `ELEMENT_TYPE`, `ELEMENT_NAME`, `ELEMENT_DETAIL`, `EN_NAME`, `CN_NAME`, `METADATA_IDS`, `DEFAULT_OPERATION`, `OPERATION_AVAILABLE`, `THRESHOLD`, `THRESHOLD_TYPE`, `DESC`, `INDICATOR_READ_ONLY`, `STAGE`, `INDICATOR_RANGE`, `ENABLE`, `TYPE`, `TAG`, `CREATE_USER`, `UPDATE_USER`, `CREATE_TIME`, `UPDATE_TIME`) values('1035','CodeCCCheckAtom','腾讯代码分析','CHECKSTYLE','checkstyle_before_defect','Checkstyle接入前历史告警数','34,33,32','LE','LE,LT','0','INT','Checkstyle接入前文件告警数','','开发','ANY',b'1','SYSTEM','','v_lzhiweili','admin','2019-04-10 11:29:44','2019-05-28 10:33:48');
REPLACE INTO `T_QUALITY_INDICATOR` (`ID`, `ELEMENT_TYPE`, `ELEMENT_NAME`, `ELEMENT_DETAIL`, `EN_NAME`, `CN_NAME`, `METADATA_IDS`, `DEFAULT_OPERATION`, `OPERATION_AVAILABLE`, `THRESHOLD`, `THRESHOLD_TYPE`, `DESC`, `INDICATOR_READ_ONLY`, `STAGE`, `INDICATOR_RANGE`, `ENABLE`, `TYPE`, `TAG`, `CREATE_USER`, `UPDATE_USER`, `CREATE_TIME`, `UPDATE_TIME`) values('1036','CodeCCCheckAtom','腾讯代码分析','CHECKSTYLE','checkstyle_after_defect','Checkstyle接入后新告警数','30,29,31','LE','LE,LT','0','INT','Checkstyle接入后文件告警数','','开发','ANY',b'1','SYSTEM','','v_lzhiweili','admin','2019-04-10 11:30:20','2019-05-28 10:33:31');
REPLACE INTO `T_QUALITY_INDICATOR` (`ID`, `ELEMENT_TYPE`, `ELEMENT_NAME`, `ELEMENT_DETAIL`, `EN_NAME`, `CN_NAME`, `METADATA_IDS`, `DEFAULT_OPERATION`, `OPERATION_AVAILABLE`, `THRESHOLD`, `THRESHOLD_TYPE`, `DESC`, `INDICATOR_READ_ONLY`, `STAGE`, `INDICATOR_RANGE`, `ENABLE`, `TYPE`, `TAG`, `CREATE_USER`, `UPDATE_USER`, `CREATE_TIME`, `UPDATE_TIME`) values('1037','CodeCCCheckAtom','腾讯代码分析','ESLINT','eslint_all_defect','ESLint总告警数 ','8,9,11,12,13,10','LE','LE,LT','0','INT','ESLint总告警数 ','','开发','ANY',b'1','SYSTEM','','v_lzhiweili','admin','2019-04-10 11:32:12','2019-04-23 10:55:34');
REPLACE INTO `T_QUALITY_INDICATOR` (`ID`, `ELEMENT_TYPE`, `ELEMENT_NAME`, `ELEMENT_DETAIL`, `EN_NAME`, `CN_NAME`, `METADATA_IDS`, `DEFAULT_OPERATION`, `OPERATION_AVAILABLE`, `THRESHOLD`, `THRESHOLD_TYPE`, `DESC`, `INDICATOR_READ_ONLY`, `STAGE`, `INDICATOR_RANGE`, `ENABLE`, `TYPE`, `TAG`, `CREATE_USER`, `UPDATE_USER`, `CREATE_TIME`, `UPDATE_TIME`) values('1038','CodeCCCheckAtom','腾讯代码分析','ESLINT','eslint_serious_general_defect','ESLint严重+一般告警数','8,9,11,12','LE','LE,LT','0','INT','ESLint严重+一般告警数','','开发','ANY',b'1','SYSTEM','','v_lzhiweili','v_lzhiweili','2019-04-10 11:32:55','2019-04-15 12:14:17');
REPLACE INTO `T_QUALITY_INDICATOR` (`ID`, `ELEMENT_TYPE`, `ELEMENT_NAME`, `ELEMENT_DETAIL`, `EN_NAME`, `CN_NAME`, `METADATA_IDS`, `DEFAULT_OPERATION`, `OPERATION_AVAILABLE`, `THRESHOLD`, `THRESHOLD_TYPE`, `DESC`, `INDICATOR_READ_ONLY`, `STAGE`, `INDICATOR_RANGE`, `ENABLE`, `TYPE`, `TAG`, `CREATE_USER`, `UPDATE_USER`, `CREATE_TIME`, `UPDATE_TIME`) values('1039','CodeCCCheckAtom','腾讯代码分析','ESLINT','eslint_serious_defect','ESLint严重告警数','8,11','LE','LE,LT','0','INT','ESLint严重告警数','','开发','ANY',b'1','SYSTEM','','v_lzhiweili','v_lzhiweili','2019-04-10 11:33:34','2019-04-15 12:13:59');
REPLACE INTO `T_QUALITY_INDICATOR` (`ID`, `ELEMENT_TYPE`, `ELEMENT_NAME`, `ELEMENT_DETAIL`, `EN_NAME`, `CN_NAME`, `METADATA_IDS`, `DEFAULT_OPERATION`, `OPERATION_AVAILABLE`, `THRESHOLD`, `THRESHOLD_TYPE`, `DESC`, `INDICATOR_READ_ONLY`, `STAGE`, `INDICATOR_RANGE`, `ENABLE`, `TYPE`, `TAG`, `CREATE_USER`, `UPDATE_USER`, `CREATE_TIME`, `UPDATE_TIME`) values('1040','CodeCCCheckAtom','腾讯代码分析','ESLINT','eslint_before_defect','ESLint接入前历史告警数 ','13,12,11','LE','LE,LT','0','INT','ESLint接入前文件告警数 ','','开发','ANY',b'1','SYSTEM','','v_lzhiweili','admin','2019-04-10 11:34:17','2019-05-28 10:33:17');
REPLACE INTO `T_QUALITY_INDICATOR` (`ID`, `ELEMENT_TYPE`, `ELEMENT_NAME`, `ELEMENT_DETAIL`, `EN_NAME`, `CN_NAME`, `METADATA_IDS`, `DEFAULT_OPERATION`, `OPERATION_AVAILABLE`, `THRESHOLD`, `THRESHOLD_TYPE`, `DESC`, `INDICATOR_READ_ONLY`, `STAGE`, `INDICATOR_RANGE`, `ENABLE`, `TYPE`, `TAG`, `CREATE_USER`, `UPDATE_USER`, `CREATE_TIME`, `UPDATE_TIME`) values('1041','CodeCCCheckAtom','腾讯代码分析','ESLINT','eslint_after_defect','ESLint接入后新告警数','10,9,8','LE','LE,LT','0','INT','ESLint接入后文件告警数','','开发','ANY',b'1','SYSTEM','','v_lzhiweili','admin','2019-04-10 11:34:57','2019-05-28 10:33:02');
REPLACE INTO `T_QUALITY_INDICATOR` (`ID`, `ELEMENT_TYPE`, `ELEMENT_NAME`, `ELEMENT_DETAIL`, `EN_NAME`, `CN_NAME`, `METADATA_IDS`, `DEFAULT_OPERATION`, `OPERATION_AVAILABLE`, `THRESHOLD`, `THRESHOLD_TYPE`, `DESC`, `INDICATOR_READ_ONLY`, `STAGE`, `INDICATOR_RANGE`, `ENABLE`, `TYPE`, `TAG`, `CREATE_USER`, `UPDATE_USER`, `CREATE_TIME`, `UPDATE_TIME`) values('1042','CodeCCCheckAtom','腾讯代码分析','STYLECOP','stylecop_all_defect','StyleCop总告警数','36,37,38,39,40,41','LE','LE,LT','0','INT','StyleCop总告警数','','开发','ANY',b'1','SYSTEM','NOOPEN','v_lzhiweili','admin','2019-04-10 11:37:47','2019-04-23 10:55:08');
REPLACE INTO `T_QUALITY_INDICATOR` (`ID`, `ELEMENT_TYPE`, `ELEMENT_NAME`, `ELEMENT_DETAIL`, `EN_NAME`, `CN_NAME`, `METADATA_IDS`, `DEFAULT_OPERATION`, `OPERATION_AVAILABLE`, `THRESHOLD`, `THRESHOLD_TYPE`, `DESC`, `INDICATOR_READ_ONLY`, `STAGE`, `INDICATOR_RANGE`, `ENABLE`, `TYPE`, `TAG`, `CREATE_USER`, `UPDATE_USER`, `CREATE_TIME`, `UPDATE_TIME`) values('1044','CodeCCCheckAtom','腾讯代码分析','STYLECOP','stylecop_serious_general_defec','StyleCop严重+一般告警数','36,37,39,40','LE','LE,LT','0','INT','StyleCop严重+一般告警数','','开发','ANY',b'1','SYSTEM','','v_lzhiweili','v_lzhiweili','2019-04-10 11:38:24','2019-04-15 12:13:35');
REPLACE INTO `T_QUALITY_INDICATOR` (`ID`, `ELEMENT_TYPE`, `ELEMENT_NAME`, `ELEMENT_DETAIL`, `EN_NAME`, `CN_NAME`, `METADATA_IDS`, `DEFAULT_OPERATION`, `OPERATION_AVAILABLE`, `THRESHOLD`, `THRESHOLD_TYPE`, `DESC`, `INDICATOR_READ_ONLY`, `STAGE`, `INDICATOR_RANGE`, `ENABLE`, `TYPE`, `TAG`, `CREATE_USER`, `UPDATE_USER`, `CREATE_TIME`, `UPDATE_TIME`) values('1045','CodeCCCheckAtom','腾讯代码分析','STYLECOP','stylecop_serious_defect','StyleCop严重告警数','39,36','LE','LE,LT','0','INT','StyleCop严重告警数','','开发','ANY',b'1','SYSTEM','','v_lzhiweili','v_lzhiweili','2019-04-10 11:39:11','2019-04-15 12:13:30');
REPLACE INTO `T_QUALITY_INDICATOR` (`ID`, `ELEMENT_TYPE`, `ELEMENT_NAME`, `ELEMENT_DETAIL`, `EN_NAME`, `CN_NAME`, `METADATA_IDS`, `DEFAULT_OPERATION`, `OPERATION_AVAILABLE`, `THRESHOLD`, `THRESHOLD_TYPE`, `DESC`, `INDICATOR_READ_ONLY`, `STAGE`, `INDICATOR_RANGE`, `ENABLE`, `TYPE`, `TAG`, `CREATE_USER`, `UPDATE_USER`, `CREATE_TIME`, `UPDATE_TIME`) values('1046','CodeCCCheckAtom','腾讯代码分析','STYLECOP','StyleCop接入前文件告警数','StyleCop接入前历史告警数','39,40,41','LE','LE,LT','0','INT','StyleCop接入前文件告警数','','开发','ANY',b'1','SYSTEM','','v_lzhiweili','admin','2019-04-10 11:40:24','2019-05-28 10:31:49');
REPLACE INTO `T_QUALITY_INDICATOR` (`ID`, `ELEMENT_TYPE`, `ELEMENT_NAME`, `ELEMENT_DETAIL`, `EN_NAME`, `CN_NAME`, `METADATA_IDS`, `DEFAULT_OPERATION`, `OPERATION_AVAILABLE`, `THRESHOLD`, `THRESHOLD_TYPE`, `DESC`, `INDICATOR_READ_ONLY`, `STAGE`, `INDICATOR_RANGE`, `ENABLE`, `TYPE`, `TAG`, `CREATE_USER`, `UPDATE_USER`, `CREATE_TIME`, `UPDATE_TIME`) values('1047','CodeCCCheckAtom','腾讯代码分析','STYLECOP','stylecop_after_defect','StyleCop接入后新告警数','38,37,36','LE','LE,LT','0','INT','StyleCop接入后文件告警数','','开发','ANY',b'1','SYSTEM','','v_lzhiweili','admin','2019-04-10 11:41:08','2019-05-28 10:31:36');
REPLACE INTO `T_QUALITY_INDICATOR` (`ID`, `ELEMENT_TYPE`, `ELEMENT_NAME`, `ELEMENT_DETAIL`, `EN_NAME`, `CN_NAME`, `METADATA_IDS`, `DEFAULT_OPERATION`, `OPERATION_AVAILABLE`, `THRESHOLD`, `THRESHOLD_TYPE`, `DESC`, `INDICATOR_READ_ONLY`, `STAGE`, `INDICATOR_RANGE`, `ENABLE`, `TYPE`, `TAG`, `CREATE_USER`, `UPDATE_USER`, `CREATE_TIME`, `UPDATE_TIME`) values('1048','CodeCCCheckAtom','腾讯代码分析','COVERITY','coverity_safe_defect','Coverity安全告警数','59','LE','LT,LE','0','INT','Coverity安全规则包告警数','','开发','ANY','','SYSTEM','','admin','admin','2019-04-10 11:41:34','2019-04-10 11:41:35');
REPLACE INTO `T_QUALITY_INDICATOR` (`ID`, `ELEMENT_TYPE`, `ELEMENT_NAME`, `ELEMENT_DETAIL`, `EN_NAME`, `CN_NAME`, `METADATA_IDS`, `DEFAULT_OPERATION`, `OPERATION_AVAILABLE`, `THRESHOLD`, `THRESHOLD_TYPE`, `DESC`, `INDICATOR_READ_ONLY`, `STAGE`, `INDICATOR_RANGE`, `ENABLE`, `TYPE`, `TAG`, `CREATE_USER`, `UPDATE_USER`, `CREATE_TIME`, `UPDATE_TIME`) values('1049','CodeCCCheckAtom','腾讯代码分析','GOML','go_all_defect','Gometalinter总告警数','22,23,24,25,26,27','LE','LE,LT','0','INT','Gometalinter总告警数','','开发','ANY',b'1','SYSTEM','','v_lzhiweili','admin','2019-04-10 11:42:52','2019-04-23 10:54:24');
REPLACE INTO `T_QUALITY_INDICATOR` (`ID`, `ELEMENT_TYPE`, `ELEMENT_NAME`, `ELEMENT_DETAIL`, `EN_NAME`, `CN_NAME`, `METADATA_IDS`, `DEFAULT_OPERATION`, `OPERATION_AVAILABLE`, `THRESHOLD`, `THRESHOLD_TYPE`, `DESC`, `INDICATOR_READ_ONLY`, `STAGE`, `INDICATOR_RANGE`, `ENABLE`, `TYPE`, `TAG`, `CREATE_USER`, `UPDATE_USER`, `CREATE_TIME`, `UPDATE_TIME`) values('1050','CodeCCCheckAtom','腾讯代码分析','GOML','go_serious_general_defect','Gometalinter严重+一般告警数','25,26,22,23','LE','LE,LT','0','INT','Gometalinter严重+一般告警数','','开发','ANY',b'1','SYSTEM','','v_lzhiweili','v_lzhiweili','2019-04-10 11:43:33','2019-04-15 12:12:52');
REPLACE INTO `T_QUALITY_INDICATOR` (`ID`, `ELEMENT_TYPE`, `ELEMENT_NAME`, `ELEMENT_DETAIL`, `EN_NAME`, `CN_NAME`, `METADATA_IDS`, `DEFAULT_OPERATION`, `OPERATION_AVAILABLE`, `THRESHOLD`, `THRESHOLD_TYPE`, `DESC`, `INDICATOR_READ_ONLY`, `STAGE`, `INDICATOR_RANGE`, `ENABLE`, `TYPE`, `TAG`, `CREATE_USER`, `UPDATE_USER`, `CREATE_TIME`, `UPDATE_TIME`) values('1051','CodeCCCheckAtom','腾讯代码分析','GOML','go_serious_defect','Gometalinter严重告警数','22,25','LE','LE,LT','0','INT','Gometalinter严重告警数','','开发','ANY',b'1','SYSTEM','','v_lzhiweili','v_lzhiweili','2019-04-10 11:44:14','2019-04-15 12:12:47');
REPLACE INTO `T_QUALITY_INDICATOR` (`ID`, `ELEMENT_TYPE`, `ELEMENT_NAME`, `ELEMENT_DETAIL`, `EN_NAME`, `CN_NAME`, `METADATA_IDS`, `DEFAULT_OPERATION`, `OPERATION_AVAILABLE`, `THRESHOLD`, `THRESHOLD_TYPE`, `DESC`, `INDICATOR_READ_ONLY`, `STAGE`, `INDICATOR_RANGE`, `ENABLE`, `TYPE`, `TAG`, `CREATE_USER`, `UPDATE_USER`, `CREATE_TIME`, `UPDATE_TIME`) values('1052','CodeCCCheckAtom','腾讯代码分析','GOML','go_before_defect','Gometalinter接入前历史告警数','26,27,25','LE','LE,LT','0','INT','Gometalinter接入前文件告警数','','开发','ANY',b'1','SYSTEM','','v_lzhiweili','admin','2019-04-10 11:44:49','2019-05-28 10:31:20');
REPLACE INTO `T_QUALITY_INDICATOR` (`ID`, `ELEMENT_TYPE`, `ELEMENT_NAME`, `ELEMENT_DETAIL`, `EN_NAME`, `CN_NAME`, `METADATA_IDS`, `DEFAULT_OPERATION`, `OPERATION_AVAILABLE`, `THRESHOLD`, `THRESHOLD_TYPE`, `DESC`, `INDICATOR_READ_ONLY`, `STAGE`, `INDICATOR_RANGE`, `ENABLE`, `TYPE`, `TAG`, `CREATE_USER`, `UPDATE_USER`, `CREATE_TIME`, `UPDATE_TIME`) values('1053','CodeCCCheckAtom','腾讯代码分析','GOML','go_after_defect','Gometalinter接入后新告警数','23,22,24','LE','LE,LT','0','INT','Gometalinter接入后文件告警数','','开发','ANY',b'1','SYSTEM','','v_lzhiweili','admin','2019-04-10 11:45:22','2019-05-28 10:31:08');
REPLACE INTO `T_QUALITY_INDICATOR` (`ID`, `ELEMENT_TYPE`, `ELEMENT_NAME`, `ELEMENT_DETAIL`, `EN_NAME`, `CN_NAME`, `METADATA_IDS`, `DEFAULT_OPERATION`, `OPERATION_AVAILABLE`, `THRESHOLD`, `THRESHOLD_TYPE`, `DESC`, `INDICATOR_READ_ONLY`, `STAGE`, `INDICATOR_RANGE`, `ENABLE`, `TYPE`, `TAG`, `CREATE_USER`, `UPDATE_USER`, `CREATE_TIME`, `UPDATE_TIME`) values('1059','CodeCCCheckAtom','腾讯代码分析','PHPCS','phpcs_all_defect','PHPCS总告警数 ','129,130,131,132,133,134','LE','LE,LT','0','INT','PHPCS总告警数 ','','开发','ANY',b'1','SYSTEM','','v_lzhiweili','v_lzhiweili','2019-04-10 12:05:14','2019-04-15 12:11:53');
REPLACE INTO `T_QUALITY_INDICATOR` (`ID`, `ELEMENT_TYPE`, `ELEMENT_NAME`, `ELEMENT_DETAIL`, `EN_NAME`, `CN_NAME`, `METADATA_IDS`, `DEFAULT_OPERATION`, `OPERATION_AVAILABLE`, `THRESHOLD`, `THRESHOLD_TYPE`, `DESC`, `INDICATOR_READ_ONLY`, `STAGE`, `INDICATOR_RANGE`, `ENABLE`, `TYPE`, `TAG`, `CREATE_USER`, `UPDATE_USER`, `CREATE_TIME`, `UPDATE_TIME`) values('1060','CodeCCCheckAtom','腾讯代码分析','PHPCS','phpcs_serious_general_defect','PHPCS严重+一般告警数','129,130,132,133','LE','LE,LT','0','INT','PHPCS严重+一般告警数','','开发','ANY',b'1','SYSTEM','','v_lzhiweili','v_lzhiweili','2019-04-10 12:05:56','2019-04-15 12:11:46');
REPLACE INTO `T_QUALITY_INDICATOR` (`ID`, `ELEMENT_TYPE`, `ELEMENT_NAME`, `ELEMENT_DETAIL`, `EN_NAME`, `CN_NAME`, `METADATA_IDS`, `DEFAULT_OPERATION`, `OPERATION_AVAILABLE`, `THRESHOLD`, `THRESHOLD_TYPE`, `DESC`, `INDICATOR_READ_ONLY`, `STAGE`, `INDICATOR_RANGE`, `ENABLE`, `TYPE`, `TAG`, `CREATE_USER`, `UPDATE_USER`, `CREATE_TIME`, `UPDATE_TIME`) values('1061','CodeCCCheckAtom','腾讯代码分析','PHPCS','phpcs_serious_defect','PHPCS严重告警数','129,132','LE','LE,LT','0','INT','PHPCS严重告警数','','开发','ANY',b'1','SYSTEM','','v_lzhiweili','v_lzhiweili','2019-04-10 12:06:33','2019-04-15 12:11:40');
REPLACE INTO `T_QUALITY_INDICATOR` (`ID`, `ELEMENT_TYPE`, `ELEMENT_NAME`, `ELEMENT_DETAIL`, `EN_NAME`, `CN_NAME`, `METADATA_IDS`, `DEFAULT_OPERATION`, `OPERATION_AVAILABLE`, `THRESHOLD`, `THRESHOLD_TYPE`, `DESC`, `INDICATOR_READ_ONLY`, `STAGE`, `INDICATOR_RANGE`, `ENABLE`, `TYPE`, `TAG`, `CREATE_USER`, `UPDATE_USER`, `CREATE_TIME`, `UPDATE_TIME`) values('1062','CodeCCCheckAtom','腾讯代码分析','PHPCS','phpcs_before_defect','PHPCS接入前历史告警数','134,133,132','LE','LE,LT','0','INT','PHPCS接入前文件告警数','','开发','ANY',b'1','SYSTEM','','v_lzhiweili','admin','2019-04-10 12:07:16','2019-05-28 10:30:07');
REPLACE INTO `T_QUALITY_INDICATOR` (`ID`, `ELEMENT_TYPE`, `ELEMENT_NAME`, `ELEMENT_DETAIL`, `EN_NAME`, `CN_NAME`, `METADATA_IDS`, `DEFAULT_OPERATION`, `OPERATION_AVAILABLE`, `THRESHOLD`, `THRESHOLD_TYPE`, `DESC`, `INDICATOR_READ_ONLY`, `STAGE`, `INDICATOR_RANGE`, `ENABLE`, `TYPE`, `TAG`, `CREATE_USER`, `UPDATE_USER`, `CREATE_TIME`, `UPDATE_TIME`) values('1063','CodeCCCheckAtom','腾讯代码分析','PHPCS','phpcs_after_defect','PHPCS接入后新告警数','131,129,130','LE','LE,LT','0','INT','PHPCS接入后文件告警数','','开发','ANY',b'1','SYSTEM','','v_lzhiweili','admin','2019-04-10 12:07:56','2019-05-28 10:29:51');
REPLACE INTO `T_QUALITY_INDICATOR` (`ID`, `ELEMENT_TYPE`, `ELEMENT_NAME`, `ELEMENT_DETAIL`, `EN_NAME`, `CN_NAME`, `METADATA_IDS`, `DEFAULT_OPERATION`, `OPERATION_AVAILABLE`, `THRESHOLD`, `THRESHOLD_TYPE`, `DESC`, `INDICATOR_READ_ONLY`, `STAGE`, `INDICATOR_RANGE`, `ENABLE`, `TYPE`, `TAG`, `CREATE_USER`, `UPDATE_USER`, `CREATE_TIME`, `UPDATE_TIME`) values('1064','CodeCCCheckAtom','腾讯代码分析','PYLINT','pyLint_all_defect','PyLint总告警数 ','15,16,17,18,19,20','LE','LE,LT','0','INT','PyLint总告警数 ','','开发','ANY',b'1','SYSTEM','NOOPEN','v_lzhiweili','admin','2019-04-10 12:09:37','2019-04-23 10:53:53');
REPLACE INTO `T_QUALITY_INDICATOR` (`ID`, `ELEMENT_TYPE`, `ELEMENT_NAME`, `ELEMENT_DETAIL`, `EN_NAME`, `CN_NAME`, `METADATA_IDS`, `DEFAULT_OPERATION`, `OPERATION_AVAILABLE`, `THRESHOLD`, `THRESHOLD_TYPE`, `DESC`, `INDICATOR_READ_ONLY`, `STAGE`, `INDICATOR_RANGE`, `ENABLE`, `TYPE`, `TAG`, `CREATE_USER`, `UPDATE_USER`, `CREATE_TIME`, `UPDATE_TIME`) values('1065','CodeCCCheckAtom','腾讯代码分析','PYLINT','pyLint_serious_general_defect','PyLint严重+一般告警数 ','15,16,18,19','LE','LE,LT','0','INT','PyLint严重+一般告警数 ','','开发','ANY',b'1','SYSTEM','','v_lzhiweili','v_lzhiweili','2019-04-10 12:10:11','2019-04-15 12:11:15');
REPLACE INTO `T_QUALITY_INDICATOR` (`ID`, `ELEMENT_TYPE`, `ELEMENT_NAME`, `ELEMENT_DETAIL`, `EN_NAME`, `CN_NAME`, `METADATA_IDS`, `DEFAULT_OPERATION`, `OPERATION_AVAILABLE`, `THRESHOLD`, `THRESHOLD_TYPE`, `DESC`, `INDICATOR_READ_ONLY`, `STAGE`, `INDICATOR_RANGE`, `ENABLE`, `TYPE`, `TAG`, `CREATE_USER`, `UPDATE_USER`, `CREATE_TIME`, `UPDATE_TIME`) values('1066','CodeCCCheckAtom','腾讯代码分析','PYLINT','pyLint_serious_defect','PyLint严重告警数 ','15,18','LE','LE,LT','0','INT','PyLint严重告警数 ','','开发','ANY',b'1','SYSTEM','','v_lzhiweili','v_lzhiweili','2019-04-10 12:10:43','2019-04-15 12:11:07');
REPLACE INTO `T_QUALITY_INDICATOR` (`ID`, `ELEMENT_TYPE`, `ELEMENT_NAME`, `ELEMENT_DETAIL`, `EN_NAME`, `CN_NAME`, `METADATA_IDS`, `DEFAULT_OPERATION`, `OPERATION_AVAILABLE`, `THRESHOLD`, `THRESHOLD_TYPE`, `DESC`, `INDICATOR_READ_ONLY`, `STAGE`, `INDICATOR_RANGE`, `ENABLE`, `TYPE`, `TAG`, `CREATE_USER`, `UPDATE_USER`, `CREATE_TIME`, `UPDATE_TIME`) values('1067','CodeCCCheckAtom','腾讯代码分析','PYLINT','pyLint_before_defect','PyLint接入前历史告警数','20,19,18','LE','LE,LT','0','INT','PyLint接入前文件告警数','','开发','ANY',b'1','SYSTEM','','v_lzhiweili','admin','2019-04-10 12:11:19','2019-05-28 10:29:26');
REPLACE INTO `T_QUALITY_INDICATOR` (`ID`, `ELEMENT_TYPE`, `ELEMENT_NAME`, `ELEMENT_DETAIL`, `EN_NAME`, `CN_NAME`, `METADATA_IDS`, `DEFAULT_OPERATION`, `OPERATION_AVAILABLE`, `THRESHOLD`, `THRESHOLD_TYPE`, `DESC`, `INDICATOR_READ_ONLY`, `STAGE`, `INDICATOR_RANGE`, `ENABLE`, `TYPE`, `TAG`, `CREATE_USER`, `UPDATE_USER`, `CREATE_TIME`, `UPDATE_TIME`) values('1068','CodeCCCheckAtom','腾讯代码分析','PYLINT','pyLint_after_defect','PyLint接入后新告警数','15,16,17','LE','LE,LT','0','INT','PyLint接入后文件告警数','','开发','ANY',b'1','SYSTEM','','v_lzhiweili','admin','2019-04-10 12:12:13','2019-05-28 10:29:03');
REPLACE INTO `T_QUALITY_INDICATOR` (`ID`, `ELEMENT_TYPE`, `ELEMENT_NAME`, `ELEMENT_DETAIL`, `EN_NAME`, `CN_NAME`, `METADATA_IDS`, `DEFAULT_OPERATION`, `OPERATION_AVAILABLE`, `THRESHOLD`, `THRESHOLD_TYPE`, `DESC`, `INDICATOR_READ_ONLY`, `STAGE`, `INDICATOR_RANGE`, `ENABLE`, `TYPE`, `TAG`, `CREATE_USER`, `UPDATE_USER`, `CREATE_TIME`, `UPDATE_TIME`) values('1357','CodeCCCheckAtom','腾讯代码分析','CCN','ccn_new_max_value','接入后新代码单函数圈复杂度最大值','406','LE','LE','40','INT','接入后新代码单函数圈复杂度最大值','','开发','ANY',b'1','SYSTEM','NOOPEN','admin','admin','2019-07-02 20:45:31','2019-07-03 11:59:17');
REPLACE INTO `T_QUALITY_INDICATOR` (`ID`, `ELEMENT_TYPE`, `ELEMENT_NAME`, `ELEMENT_DETAIL`, `EN_NAME`, `CN_NAME`, `METADATA_IDS`, `DEFAULT_OPERATION`, `OPERATION_AVAILABLE`, `THRESHOLD`, `THRESHOLD_TYPE`, `DESC`, `INDICATOR_READ_ONLY`, `STAGE`, `INDICATOR_RANGE`, `ENABLE`, `TYPE`, `TAG`, `CREATE_USER`, `UPDATE_USER`, `CREATE_TIME`, `UPDATE_TIME`) values('1358','CodeCCCheckAtom','腾讯代码分析','CCN','ccn_new_defect','接入后新代码圈复杂度风险函数个数','407','LE','LE','0','INT','接入后新代码圈复杂度风险函数个数','','开发','ANY',b'1','SYSTEM','NOOPEN','admin','admin','2019-07-02 20:47:34','2019-07-03 11:59:07');
REPLACE INTO `T_QUALITY_INDICATOR` (`ID`, `ELEMENT_TYPE`, `ELEMENT_NAME`, `ELEMENT_DETAIL`, `EN_NAME`, `CN_NAME`, `METADATA_IDS`, `DEFAULT_OPERATION`, `OPERATION_AVAILABLE`, `THRESHOLD`, `THRESHOLD_TYPE`, `DESC`, `INDICATOR_READ_ONLY`, `STAGE`, `INDICATOR_RANGE`, `ENABLE`, `TYPE`, `TAG`, `CREATE_USER`, `UPDATE_USER`, `CREATE_TIME`, `UPDATE_TIME`) values('1547','CodeCCCheckAtom','腾讯代码分析','CHECKSTYLE','MethodLength_new','新代码函数行过多（MethodLength）告警数','466','LE','LE','0','INT','	新代码函数行过多（MethodLength）告警数','','开发','ANY',b'1','SYSTEM','','admin','admin','2019-07-17 21:26:53','2019-07-17 21:32:35');
REPLACE INTO `T_QUALITY_INDICATOR` (`ID`, `ELEMENT_TYPE`, `ELEMENT_NAME`, `ELEMENT_DETAIL`, `EN_NAME`, `CN_NAME`, `METADATA_IDS`, `DEFAULT_OPERATION`, `OPERATION_AVAILABLE`, `THRESHOLD`, `THRESHOLD_TYPE`, `DESC`, `INDICATOR_READ_ONLY`, `STAGE`, `INDICATOR_RANGE`, `ENABLE`, `TYPE`, `TAG`, `CREATE_USER`, `UPDATE_USER`, `CREATE_TIME`, `UPDATE_TIME`) values('1548','CodeCCCheckAtom','腾讯代码分析','CHECKSTYLE','MethodLength_history','历史代码函数行过多（MethodLength）告警数','467','LE','LE','0','INT','历史代码函数行过多（MethodLength）告警数','','开发','ANY',b'1','SYSTEM','','admin','admin','2019-07-17 21:27:43','2019-07-17 21:32:24');
REPLACE INTO `T_QUALITY_INDICATOR` (`ID`, `ELEMENT_TYPE`, `ELEMENT_NAME`, `ELEMENT_DETAIL`, `EN_NAME`, `CN_NAME`, `METADATA_IDS`, `DEFAULT_OPERATION`, `OPERATION_AVAILABLE`, `THRESHOLD`, `THRESHOLD_TYPE`, `DESC`, `INDICATOR_READ_ONLY`, `STAGE`, `INDICATOR_RANGE`, `ENABLE`, `TYPE`, `TAG`, `CREATE_USER`, `UPDATE_USER`, `CREATE_TIME`, `UPDATE_TIME`) values('1549','CodeCCCheckAtom','腾讯代码分析','GOML','golint_fnsize_new','新代码函数行过多（golint/fnsize）告警数','464','LE','LE','0','INT','新代码函数行过多（golint/fnsize）告警数','','开发','ANY',b'1','SYSTEM','','admin','admin','2019-07-17 21:29:40','2019-07-17 21:32:14');
REPLACE INTO `T_QUALITY_INDICATOR` (`ID`, `ELEMENT_TYPE`, `ELEMENT_NAME`, `ELEMENT_DETAIL`, `EN_NAME`, `CN_NAME`, `METADATA_IDS`, `DEFAULT_OPERATION`, `OPERATION_AVAILABLE`, `THRESHOLD`, `THRESHOLD_TYPE`, `DESC`, `INDICATOR_READ_ONLY`, `STAGE`, `INDICATOR_RANGE`, `ENABLE`, `TYPE`, `TAG`, `CREATE_USER`, `UPDATE_USER`, `CREATE_TIME`, `UPDATE_TIME`) values('1550','CodeCCCheckAtom','腾讯代码分析','GOML','golint_fnsize_history','历史代码函数行过多（golint/fnsize）告警数','465','LE','LE','0','INT','历史代码函数行过多（golint/fnsize）告警数','','开发','ANY',b'1','SYSTEM','','admin','admin','2019-07-17 21:30:52','2019-08-21 20:12:49');
REPLACE INTO `T_QUALITY_INDICATOR` (`ID`, `ELEMENT_TYPE`, `ELEMENT_NAME`, `ELEMENT_DETAIL`, `EN_NAME`, `CN_NAME`, `METADATA_IDS`, `DEFAULT_OPERATION`, `OPERATION_AVAILABLE`, `THRESHOLD`, `THRESHOLD_TYPE`, `DESC`, `INDICATOR_READ_ONLY`, `STAGE`, `INDICATOR_RANGE`, `ENABLE`, `TYPE`, `TAG`, `CREATE_USER`, `UPDATE_USER`, `CREATE_TIME`, `UPDATE_TIME`) values('1024','CodeCCCheckAtom','腾讯代码分析','DUPC','dupc_above_medium_defect','重复率极高风险+高风险文件个数','50,51','LE','LT,LE','0','INT','重复率极高风险+高风险文件个数','','开发','ANY',b'1','SYSTEM','NOOPEN','admin','admin','2019-11-20 15:18:41','2021-06-16 12:04:45');
REPLACE INTO `T_QUALITY_INDICATOR` (`ID`, `ELEMENT_TYPE`, `ELEMENT_NAME`, `ELEMENT_DETAIL`, `EN_NAME`, `CN_NAME`, `METADATA_IDS`, `DEFAULT_OPERATION`, `OPERATION_AVAILABLE`, `THRESHOLD`, `THRESHOLD_TYPE`, `DESC`, `INDICATOR_READ_ONLY`, `STAGE`, `INDICATOR_RANGE`, `ENABLE`, `TYPE`, `TAG`, `CREATE_USER`, `UPDATE_USER`, `CREATE_TIME`, `UPDATE_TIME`) values('1026','CodeCCCheckAtom','腾讯代码分析','CCN','ccn_above_medium_defect','圈复杂度极高风险+高风险函数个数','45,46','LE','LT,LE','0','INT','圈复杂度极高风险+高风险函数个数','','开发','ANY',1,'SYSTEM','NOOPEN','admin','admin','2019-11-20 15:17:00','2021-06-16 12:04:45');
REPLACE INTO `T_QUALITY_INDICATOR` (`ID`, `ELEMENT_TYPE`, `ELEMENT_NAME`, `ELEMENT_DETAIL`, `EN_NAME`, `CN_NAME`, `METADATA_IDS`, `DEFAULT_OPERATION`, `OPERATION_AVAILABLE`, `THRESHOLD`, `THRESHOLD_TYPE`, `DESC`, `INDICATOR_READ_ONLY`, `STAGE`, `INDICATOR_RANGE`, `ENABLE`, `TYPE`, `TAG`, `CREATE_USER`, `UPDATE_USER`, `CREATE_TIME`, `UPDATE_TIME`) values('1551','CodeCCCheckAtom','腾讯代码分析','CCN','cnn_defects_all','圈复杂度风险函数总数','45,46,47','LE','LT,LE','0','INT','圈复杂度风险函数总数','','开发','ANY',b'1','SYSTEM','NOOPEN','admin','admin','2019-04-03 12:12:06','2021-06-16 12:04:45');
REPLACE INTO `T_QUALITY_INDICATOR` (`ID`, `ELEMENT_TYPE`, `ELEMENT_NAME`, `ELEMENT_DETAIL`, `EN_NAME`, `CN_NAME`, `METADATA_IDS`, `DEFAULT_OPERATION`, `OPERATION_AVAILABLE`, `THRESHOLD`, `THRESHOLD_TYPE`, `DESC`, `INDICATOR_READ_ONLY`, `STAGE`, `INDICATOR_RANGE`, `ENABLE`, `TYPE`, `TAG`, `CREATE_USER`, `UPDATE_USER`, `CREATE_TIME`, `UPDATE_TIME`) values('1552','CodeCCCheckAtom','腾讯代码分析','CCN','ccn_threshold_sum','超标风险函数复杂度总数','482,483','LE','LE,LT','0','INT','超标风险函数的复杂度总数。例如阈值为20，风险函数复杂度分别为23、24，那么该指标的值为7.','','开发','ANY',b'1','SYSTEM','NOOPEN','admin','admin','2019-10-25 17:19:12','2021-06-16 12:04:45');
REPLACE INTO `T_QUALITY_INDICATOR` (`ID`, `ELEMENT_TYPE`, `ELEMENT_NAME`, `ELEMENT_DETAIL`, `EN_NAME`, `CN_NAME`, `METADATA_IDS`, `DEFAULT_OPERATION`, `OPERATION_AVAILABLE`, `THRESHOLD`, `THRESHOLD_TYPE`, `DESC`, `INDICATOR_READ_ONLY`, `STAGE`, `INDICATOR_RANGE`, `ENABLE`, `TYPE`, `TAG`, `CREATE_USER`, `UPDATE_USER`, `CREATE_TIME`, `UPDATE_TIME`) values('1553','CodeCCCheckAtom','腾讯代码分析','CHECKSTYLE','checkstyle_highmed_new_defect','CheckStyle严重+一般新问题数','29,30','LE','LE,LT','0','INT','CheckStyle接入后严重告警数+CheckStyle接入后一般告警数','','开发','ANY',b'1','SYSTEM','NOOPEN','admin','admin','2020-05-18 18:11:11','2021-06-16 12:04:45');
REPLACE INTO `T_QUALITY_INDICATOR` (`ID`, `ELEMENT_TYPE`, `ELEMENT_NAME`, `ELEMENT_DETAIL`, `EN_NAME`, `CN_NAME`, `METADATA_IDS`, `DEFAULT_OPERATION`, `OPERATION_AVAILABLE`, `THRESHOLD`, `THRESHOLD_TYPE`, `DESC`, `INDICATOR_READ_ONLY`, `STAGE`, `INDICATOR_RANGE`, `ENABLE`, `TYPE`, `TAG`, `CREATE_USER`, `UPDATE_USER`, `CREATE_TIME`, `UPDATE_TIME`) values('1554','CodeCCCheckAtom','腾讯代码分析','CHECKSTYLE','checkstyle_high_new_defect','CheckStyle接入后严重新告警数','29','LE','LE,LT','0','INT','CheckStyle接入后严重新告警数','','开发','ANY',b'1','SYSTEM','NOOPEN','admin','admin','2019-11-20 15:08:37','2021-06-16 12:04:45');
REPLACE INTO `T_QUALITY_INDICATOR` (`ID`, `ELEMENT_TYPE`, `ELEMENT_NAME`, `ELEMENT_DETAIL`, `EN_NAME`, `CN_NAME`, `METADATA_IDS`, `DEFAULT_OPERATION`, `OPERATION_AVAILABLE`, `THRESHOLD`, `THRESHOLD_TYPE`, `DESC`, `INDICATOR_READ_ONLY`, `STAGE`, `INDICATOR_RANGE`, `ENABLE`, `TYPE`, `TAG`, `CREATE_USER`, `UPDATE_USER`, `CREATE_TIME`, `UPDATE_TIME`) values('1555','CodeCCCheckAtom','腾讯代码分析','ESLINT','eslint_new_high_normal_defect','ESLint严重+一般新问题数','8,9','LE','LT,LE','0','INT','ESLint起始时间后产生的严重+一般告警数','','开发','ANY',b'1','SYSTEM','NOOPEN','admin','admin','2020-10-28 19:25:28','2021-06-16 12:04:46');
REPLACE INTO `T_QUALITY_INDICATOR` (`ID`, `ELEMENT_TYPE`, `ELEMENT_NAME`, `ELEMENT_DETAIL`, `EN_NAME`, `CN_NAME`, `METADATA_IDS`, `DEFAULT_OPERATION`, `OPERATION_AVAILABLE`, `THRESHOLD`, `THRESHOLD_TYPE`, `DESC`, `INDICATOR_READ_ONLY`, `STAGE`, `INDICATOR_RANGE`, `ENABLE`, `TYPE`, `TAG`, `CREATE_USER`, `UPDATE_USER`, `CREATE_TIME`, `UPDATE_TIME`) values('1556','CodeCCCheckAtom','腾讯代码分析','GOML','goml_new_high_normal_defect','Gometalinter严重+一般新问题数','22,23','LE','LT,LE','0','INT','Gometalinter起始时间后产生的严重+一般告警数','','开发','ANY',b'1','SYSTEM','NOOPEN','admin','admin','2020-10-28 19:28:40','2021-06-16 12:04:46');
REPLACE INTO `T_QUALITY_INDICATOR` (`ID`, `ELEMENT_TYPE`, `ELEMENT_NAME`, `ELEMENT_DETAIL`, `EN_NAME`, `CN_NAME`, `METADATA_IDS`, `DEFAULT_OPERATION`, `OPERATION_AVAILABLE`, `THRESHOLD`, `THRESHOLD_TYPE`, `DESC`, `INDICATOR_READ_ONLY`, `STAGE`, `INDICATOR_RANGE`, `ENABLE`, `TYPE`, `TAG`, `CREATE_USER`, `UPDATE_USER`, `CREATE_TIME`, `UPDATE_TIME`) values('1557','CodeCCCheckAtom','腾讯代码分析','PYLINT','pylint_new_high_normal_defect','PyLint严重+一般新问题数','15,16','LE','LT,LE','0','INT','PyLint起始时间后产生的严重+一般告警数','','开发','ANY',b'1','SYSTEM','NOOPEN','admin','admin','2020-10-28 19:40:15','2021-06-16 12:04:46');
REPLACE INTO `T_QUALITY_INDICATOR` (`ID`, `ELEMENT_TYPE`, `ELEMENT_NAME`, `ELEMENT_DETAIL`, `EN_NAME`, `CN_NAME`, `METADATA_IDS`, `DEFAULT_OPERATION`, `OPERATION_AVAILABLE`, `THRESHOLD`, `THRESHOLD_TYPE`, `DESC`, `INDICATOR_READ_ONLY`, `STAGE`, `INDICATOR_RANGE`, `ENABLE`, `TYPE`, `TAG`, `CREATE_USER`, `UPDATE_USER`, `CREATE_TIME`, `UPDATE_TIME`) values('1558','CodeCCCheckAtom','腾讯代码分析','PYLINT','pylint_high_new_defect','PyLint严重新告警数','15','LE','LE','0','INT','PyLint起始时间后产生的新告警数中的严重告警数','','开发','ANY',b'1','SYSTEM','NOOPEN','admin','admin','2020-06-23 16:49:36','2021-06-16 12:04:45');
REPLACE INTO `T_QUALITY_INDICATOR` (`ID`, `ELEMENT_TYPE`, `ELEMENT_NAME`, `ELEMENT_DETAIL`, `EN_NAME`, `CN_NAME`, `METADATA_IDS`, `DEFAULT_OPERATION`, `OPERATION_AVAILABLE`, `THRESHOLD`, `THRESHOLD_TYPE`, `DESC`, `INDICATOR_READ_ONLY`, `STAGE`, `INDICATOR_RANGE`, `ENABLE`, `TYPE`, `TAG`, `CREATE_USER`, `UPDATE_USER`, `CREATE_TIME`, `UPDATE_TIME`) values('1559','CodeCCCheckAtom','腾讯代码分析','WOODPECKER_SENSITIVE','woodpecker_all_defect','啄木鸟敏感信息总告警数','484,485,486,487,488,489','LE','LE,LT','0','INT','啄木鸟敏感信息总告警数','','开发','ANY',b'1','SYSTEM','NOOPEN','admin','admin','2020-05-28 13:24:27','2021-06-16 12:04:45');
REPLACE INTO `T_QUALITY_INDICATOR` (`ID`, `ELEMENT_TYPE`, `ELEMENT_NAME`, `ELEMENT_DETAIL`, `EN_NAME`, `CN_NAME`, `METADATA_IDS`, `DEFAULT_OPERATION`, `OPERATION_AVAILABLE`, `THRESHOLD`, `THRESHOLD_TYPE`, `DESC`, `INDICATOR_READ_ONLY`, `STAGE`, `INDICATOR_RANGE`, `ENABLE`, `TYPE`, `TAG`, `CREATE_USER`, `UPDATE_USER`, `CREATE_TIME`, `UPDATE_TIME`) values('1560','CodeCCCheckAtom','腾讯代码分析','BKCHECK-CPP','bkcheck_cpp_all_defect_','bkcheck-cpp总告警数','470,471,472,473,474,475','LE','LT,LE','0','INT','bkcheck-cpp总告警数','','开发','ANY',b'1','SYSTEM','NOOPEN','admin','admin','2020-07-24 21:17:45','2021-06-16 12:04:45');
REPLACE INTO `T_QUALITY_INDICATOR` (`ID`, `ELEMENT_TYPE`, `ELEMENT_NAME`, `ELEMENT_DETAIL`, `EN_NAME`, `CN_NAME`, `METADATA_IDS`, `DEFAULT_OPERATION`, `OPERATION_AVAILABLE`, `THRESHOLD`, `THRESHOLD_TYPE`, `DESC`, `INDICATOR_READ_ONLY`, `STAGE`, `INDICATOR_RANGE`, `ENABLE`, `TYPE`, `TAG`, `CREATE_USER`, `UPDATE_USER`, `CREATE_TIME`, `UPDATE_TIME`) values('1561','CodeCCCheckAtom','腾讯代码分析','BKCHECK-CPP','bkcheck_cpp_new_defect','bkcheck-cpp新告警数','473,474,475','LE','LT,LE','0','INT','bkcheck-cpp起始时间后产生的新告警数','','开发','ANY',b'1','SYSTEM','NOOPEN','admin','admin','2020-07-24 22:51:06','2021-06-16 12:04:46');
REPLACE INTO `T_QUALITY_INDICATOR` (`ID`, `ELEMENT_TYPE`, `ELEMENT_NAME`, `ELEMENT_DETAIL`, `EN_NAME`, `CN_NAME`, `METADATA_IDS`, `DEFAULT_OPERATION`, `OPERATION_AVAILABLE`, `THRESHOLD`, `THRESHOLD_TYPE`, `DESC`, `INDICATOR_READ_ONLY`, `STAGE`, `INDICATOR_RANGE`, `ENABLE`, `TYPE`, `TAG`, `CREATE_USER`, `UPDATE_USER`, `CREATE_TIME`, `UPDATE_TIME`) values('1562','CodeCCCheckAtom','腾讯代码分析','BKCHECK-CPP','bkcheck_cpp_high_defect','bkcheck-cpp严重告警数','471,474','LE','LT,LE','0','INT','bkcheck-cpp严重告警数','','开发','ANY',b'1','SYSTEM','NOOPEN','admin','admin','2020-07-24 22:52:15','2021-06-16 12:04:46');
REPLACE INTO `T_QUALITY_INDICATOR` (`ID`, `ELEMENT_TYPE`, `ELEMENT_NAME`, `ELEMENT_DETAIL`, `EN_NAME`, `CN_NAME`, `METADATA_IDS`, `DEFAULT_OPERATION`, `OPERATION_AVAILABLE`, `THRESHOLD`, `THRESHOLD_TYPE`, `DESC`, `INDICATOR_READ_ONLY`, `STAGE`, `INDICATOR_RANGE`, `ENABLE`, `TYPE`, `TAG`, `CREATE_USER`, `UPDATE_USER`, `CREATE_TIME`, `UPDATE_TIME`) values('1563','CodeCCCheckAtom','腾讯代码分析','BKCHECK-CPP','bkcheck_cpp_high_low_defect','bkcheck-cpp严重+一般告警数','470,471,473,474','LE','LT,LE','0','INT','bkcheck-cpp严重+一般告警数','','开发','ANY',b'1','SYSTEM','NOOPEN','admin','admin','2020-07-24 22:53:42','2021-06-16 12:04:46');
REPLACE INTO `T_QUALITY_INDICATOR` (`ID`, `ELEMENT_TYPE`, `ELEMENT_NAME`, `ELEMENT_DETAIL`, `EN_NAME`, `CN_NAME`, `METADATA_IDS`, `DEFAULT_OPERATION`, `OPERATION_AVAILABLE`, `THRESHOLD`, `THRESHOLD_TYPE`, `DESC`, `INDICATOR_READ_ONLY`, `STAGE`, `INDICATOR_RANGE`, `ENABLE`, `TYPE`, `TAG`, `CREATE_USER`, `UPDATE_USER`, `CREATE_TIME`, `UPDATE_TIME`) values('1564','CodeCCCheckAtom','腾讯代码分析','BKCHECK-OC','bkcheck_oc_all_defect','bkcheck-oc总告警数','476,477,478,479,480,481','LE','LT,LE','0','INT','bkcheck-oc总告警数','','开发','ANY',b'1','SYSTEM','NOOPEN','carryhdwang','ddlin','2020-05-29 22:03:44','2021-06-16 12:04:45');
REPLACE INTO `T_QUALITY_INDICATOR` (`ID`, `ELEMENT_TYPE`, `ELEMENT_NAME`, `ELEMENT_DETAIL`, `EN_NAME`, `CN_NAME`, `METADATA_IDS`, `DEFAULT_OPERATION`, `OPERATION_AVAILABLE`, `THRESHOLD`, `THRESHOLD_TYPE`, `DESC`, `INDICATOR_READ_ONLY`, `STAGE`, `INDICATOR_RANGE`, `ENABLE`, `TYPE`, `TAG`, `CREATE_USER`, `UPDATE_USER`, `CREATE_TIME`, `UPDATE_TIME`) values('1565','CodeCCCheckAtom','腾讯代码分析','BKCHECK-OC','bkoc_new_high_defect','bkcheck-oc严重新问题数','480','LE','LT,LE','0','INT','bkcheck-oc起始时间后产生的严重告警数','','开发','ANY',b'1','SYSTEM','NOOPEN','carryhdwang','ddlin','2021-01-29 12:42:29','2021-06-16 12:04:46');
REPLACE INTO `T_QUALITY_INDICATOR` (`ID`, `ELEMENT_TYPE`, `ELEMENT_NAME`, `ELEMENT_DETAIL`, `EN_NAME`, `CN_NAME`, `METADATA_IDS`, `DEFAULT_OPERATION`, `OPERATION_AVAILABLE`, `THRESHOLD`, `THRESHOLD_TYPE`, `DESC`, `INDICATOR_READ_ONLY`, `STAGE`, `INDICATOR_RANGE`, `ENABLE`, `TYPE`, `TAG`, `CREATE_USER`, `UPDATE_USER`, `CREATE_TIME`, `UPDATE_TIME`) values('1566','CodeCCCheckAtom','腾讯代码分析','BKCHECK-OC','bkcheck_oc_new_defect','bkcheck-oc新告警数','479,480,481','LE','LT,LE','0','INT','bkcheck-oc起始时间后产生的新告警数','','开发','ANY',b'1','SYSTEM','NOOPEN','carryhdwang','ddlin','2020-06-10 19:48:20','2021-06-16 12:04:45');
REPLACE INTO `T_QUALITY_INDICATOR` (`ID`, `ELEMENT_TYPE`, `ELEMENT_NAME`, `ELEMENT_DETAIL`, `EN_NAME`, `CN_NAME`, `METADATA_IDS`, `DEFAULT_OPERATION`, `OPERATION_AVAILABLE`, `THRESHOLD`, `THRESHOLD_TYPE`, `DESC`, `INDICATOR_READ_ONLY`, `STAGE`, `INDICATOR_RANGE`, `ENABLE`, `TYPE`, `TAG`, `CREATE_USER`, `UPDATE_USER`, `CREATE_TIME`, `UPDATE_TIME`) values('1567','CodeCCCheckAtom','腾讯代码分析','BKCHECK-OC','bkcheck_oc_history_defect','bkcheck-oc历史告警数','476,477,478','LE','LT,LE','0','INT','bkcheck-oc起始时间前产生的历史告警数','','开发','ANY',b'1','SYSTEM','NOOPEN','carryhdwang','ddlin','2020-06-10 19:50:21','2021-06-16 12:04:45');
REPLACE INTO `T_QUALITY_INDICATOR` (`ID`, `ELEMENT_TYPE`, `ELEMENT_NAME`, `ELEMENT_DETAIL`, `EN_NAME`, `CN_NAME`, `METADATA_IDS`, `DEFAULT_OPERATION`, `OPERATION_AVAILABLE`, `THRESHOLD`, `THRESHOLD_TYPE`, `DESC`, `INDICATOR_READ_ONLY`, `STAGE`, `INDICATOR_RANGE`, `ENABLE`, `TYPE`, `TAG`, `CREATE_USER`, `UPDATE_USER`, `CREATE_TIME`, `UPDATE_TIME`) values('1568','CodeCCCheckAtom','腾讯代码分析','BKCHECK-OC','bkcheck_oc_serious_defect','bkcheck-oc严重告警数','477,480','LE','LT,LE','0','INT','bkcheck-oc严重告警数','','开发','ANY',b'1','SYSTEM','NOOPEN','carryhdwang','ddlin','2020-06-10 19:52:18','2021-06-16 12:04:45');
REPLACE INTO `T_QUALITY_INDICATOR` (`ID`, `ELEMENT_TYPE`, `ELEMENT_NAME`, `ELEMENT_DETAIL`, `EN_NAME`, `CN_NAME`, `METADATA_IDS`, `DEFAULT_OPERATION`, `OPERATION_AVAILABLE`, `THRESHOLD`, `THRESHOLD_TYPE`, `DESC`, `INDICATOR_READ_ONLY`, `STAGE`, `INDICATOR_RANGE`, `ENABLE`, `TYPE`, `TAG`, `CREATE_USER`, `UPDATE_USER`, `CREATE_TIME`, `UPDATE_TIME`) values('1569','CodeCCCheckAtom','腾讯代码分析','BKCHECK-OC','bkcheck_oc_highmed_defect','bkcheck-oc严重+一般告警数','476,477,479,480','LE','LT,LE','0','INT','bkcheck-oc严重+一般告警数','','开发','ANY',b'1','SYSTEM','NOOPEN','carryhdwang','ddlin','2020-06-10 19:53:47','2021-06-16 12:04:45');
REPLACE INTO `T_QUALITY_INDICATOR` (`ID`, `ELEMENT_TYPE`, `ELEMENT_NAME`, `ELEMENT_DETAIL`, `EN_NAME`, `CN_NAME`, `METADATA_IDS`, `DEFAULT_OPERATION`, `OPERATION_AVAILABLE`, `THRESHOLD`, `THRESHOLD_TYPE`, `DESC`, `INDICATOR_READ_ONLY`, `STAGE`, `INDICATOR_RANGE`, `ENABLE`, `TYPE`, `TAG`, `CREATE_USER`, `UPDATE_USER`, `CREATE_TIME`, `UPDATE_TIME`) values('1570','CodeCCCheckAtom','腾讯代码分析','BKCHECK-OC','bkoc_new_high_normal_defect','bkcheck-oc严重+一般新问题数','479,480','LE','LE,LT','0','INT','bkcheck-oc起始时间后产生的严重+一般告警数','','开发','ANY',b'1','SYSTEM','NOOPEN','carryhdwang','ddlin','2020-10-29 16:29:48','2021-06-16 12:04:46');
REPLACE INTO `T_QUALITY_INDICATOR` (`ID`, `ELEMENT_TYPE`, `ELEMENT_NAME`, `ELEMENT_DETAIL`, `EN_NAME`, `CN_NAME`, `METADATA_IDS`, `DEFAULT_OPERATION`, `OPERATION_AVAILABLE`, `THRESHOLD`, `THRESHOLD_TYPE`, `DESC`, `INDICATOR_READ_ONLY`, `STAGE`, `INDICATOR_RANGE`, `ENABLE`, `TYPE`, `TAG`, `CREATE_USER`, `UPDATE_USER`, `CREATE_TIME`, `UPDATE_TIME`) values('2000', 'CodeCCCheckAtom', '腾讯代码分析', 'DETEKT', 'detekt_all_defect', 'detekt总告警数 ', '600,601,602,603,604,605', 'LE', 'LE,LT', '0', 'INT', 'detekt总告警数 ', '', '开发', 'ANY', b'1', 'SYSTEM', '', 'admin', 'admin', '2019-04-10 11:47:00', '2021-06-16 12:04:45');
REPLACE INTO `T_QUALITY_INDICATOR` (`ID`, `ELEMENT_TYPE`, `ELEMENT_NAME`, `ELEMENT_DETAIL`, `EN_NAME`, `CN_NAME`, `METADATA_IDS`, `DEFAULT_OPERATION`, `OPERATION_AVAILABLE`, `THRESHOLD`, `THRESHOLD_TYPE`, `DESC`, `INDICATOR_READ_ONLY`, `STAGE`, `INDICATOR_RANGE`, `ENABLE`, `TYPE`, `TAG`, `CREATE_USER`, `UPDATE_USER`, `CREATE_TIME`, `UPDATE_TIME`) values('2001', 'CodeCCCheckAtom', '腾讯代码分析', 'DETEKT', 'detekt_serious_general_defect', 'detekt严重+一般告警数', '600,601,603,604', 'LE', 'LE,LT', '0', 'INT', 'detekt严重+一般告警数', '', '开发', 'ANY', b'1', 'SYSTEM', '', 'admin', 'admin', '2019-04-10 11:47:55', '2021-06-16 12:04:45');
REPLACE INTO `T_QUALITY_INDICATOR` (`ID`, `ELEMENT_TYPE`, `ELEMENT_NAME`, `ELEMENT_DETAIL`, `EN_NAME`, `CN_NAME`, `METADATA_IDS`, `DEFAULT_OPERATION`, `OPERATION_AVAILABLE`, `THRESHOLD`, `THRESHOLD_TYPE`, `DESC`, `INDICATOR_READ_ONLY`, `STAGE`, `INDICATOR_RANGE`, `ENABLE`, `TYPE`, `TAG`, `CREATE_USER`, `UPDATE_USER`, `CREATE_TIME`, `UPDATE_TIME`) values('2002', 'CodeCCCheckAtom', '腾讯代码分析', 'DETEKT', 'detekt_serious_defect', 'detekt严重告警数 ', '600,603', 'LE', 'LE,LT', '0', 'INT', 'detekt严重告警数 ', '', '开发', 'ANY', b'1', 'SYSTEM', '', 'admin', 'admin', '2019-04-10 11:57:11', '2021-06-16 12:04:45');


-- 指标元数据
INSERT IGNORE INTO `T_QUALITY_METADATA` (`ID`, `DATA_ID`, `DATA_NAME`, `ELEMENT_TYPE`, `ELEMENT_NAME`, `ELEMENT_DETAIL`, `VALUE_TYPE`, `DESC`, `EXTRA`, `CREATE_USER`, `UPDATE_USER`, `CREATE_TIME`, `UPDATE_TIME`) values('1','CPPLINT_NEW_SERIOUS','CppLint接入后严重告警数','linuxPaasCodeCCScript','CodeCC代码检查任务','CPPLINT','INT','CppLint接入后严重告警数','C/C++','admin','admin','2019-04-03 12:00:00','2019-04-03 12:00:00');
INSERT IGNORE INTO `T_QUALITY_METADATA` (`ID`, `DATA_ID`, `DATA_NAME`, `ELEMENT_TYPE`, `ELEMENT_NAME`, `ELEMENT_DETAIL`, `VALUE_TYPE`, `DESC`, `EXTRA`, `CREATE_USER`, `UPDATE_USER`, `CREATE_TIME`, `UPDATE_TIME`) values('2','CPPLINT_NEW_NORMAL','CppLint接入后一般告警数','linuxPaasCodeCCScript','CodeCC代码检查任务','CPPLINT','INT','CppLint接入后一般告警数','C/C++','admin','admin','2019-04-03 12:00:00','2019-04-03 12:00:00');
INSERT IGNORE INTO `T_QUALITY_METADATA` (`ID`, `DATA_ID`, `DATA_NAME`, `ELEMENT_TYPE`, `ELEMENT_NAME`, `ELEMENT_DETAIL`, `VALUE_TYPE`, `DESC`, `EXTRA`, `CREATE_USER`, `UPDATE_USER`, `CREATE_TIME`, `UPDATE_TIME`) values('3','CPPLINT_NEW_PROMPT','CppLint接入后提示告警数','linuxPaasCodeCCScript','CodeCC代码检查任务','CPPLINT','INT','CppLint接入后提示告警数','C/C++','admin','admin','2019-04-03 12:00:00','2019-04-03 12:00:00');
INSERT IGNORE INTO `T_QUALITY_METADATA` (`ID`, `DATA_ID`, `DATA_NAME`, `ELEMENT_TYPE`, `ELEMENT_NAME`, `ELEMENT_DETAIL`, `VALUE_TYPE`, `DESC`, `EXTRA`, `CREATE_USER`, `UPDATE_USER`, `CREATE_TIME`, `UPDATE_TIME`) values('4','CPPLINT_HISTORY_SERIOUS','CppLint接入前严重告警数','linuxPaasCodeCCScript','CodeCC代码检查任务','CPPLINT','INT','CppLint接入前严重告警数','C/C++','admin','admin','2019-04-03 12:00:00','2019-04-03 12:00:00');
INSERT IGNORE INTO `T_QUALITY_METADATA` (`ID`, `DATA_ID`, `DATA_NAME`, `ELEMENT_TYPE`, `ELEMENT_NAME`, `ELEMENT_DETAIL`, `VALUE_TYPE`, `DESC`, `EXTRA`, `CREATE_USER`, `UPDATE_USER`, `CREATE_TIME`, `UPDATE_TIME`) values('5','CPPLINT_HISTORY_NORMAL','CppLint接入前一般告警数','linuxPaasCodeCCScript','CodeCC代码检查任务','CPPLINT','INT','CppLint接入前一般告警数','C/C++','admin','admin','2019-04-03 12:00:00','2019-04-03 12:00:00');
INSERT IGNORE INTO `T_QUALITY_METADATA` (`ID`, `DATA_ID`, `DATA_NAME`, `ELEMENT_TYPE`, `ELEMENT_NAME`, `ELEMENT_DETAIL`, `VALUE_TYPE`, `DESC`, `EXTRA`, `CREATE_USER`, `UPDATE_USER`, `CREATE_TIME`, `UPDATE_TIME`) values('6','CPPLINT_HISTORY_PROMPT','CppLint接入前提示告警数','linuxPaasCodeCCScript','CodeCC代码检查任务','CPPLINT','INT','CppLint接入前提示告警数','C/C++','admin','admin','2019-04-03 12:00:00','2019-04-03 12:00:00');
INSERT IGNORE INTO `T_QUALITY_METADATA` (`ID`, `DATA_ID`, `DATA_NAME`, `ELEMENT_TYPE`, `ELEMENT_NAME`, `ELEMENT_DETAIL`, `VALUE_TYPE`, `DESC`, `EXTRA`, `CREATE_USER`, `UPDATE_USER`, `CREATE_TIME`, `UPDATE_TIME`) values('7','CPPLINT_NEW_TOSA','CppLint腾讯开源代码规范告警数','linuxPaasCodeCCScript','CodeCC代码检查任务','CPPLINT','INT','CppLint腾讯开源代码规范告警数','C/C++','admin','admin','2019-04-03 12:00:00','2019-04-03 12:00:00');
INSERT IGNORE INTO `T_QUALITY_METADATA` (`ID`, `DATA_ID`, `DATA_NAME`, `ELEMENT_TYPE`, `ELEMENT_NAME`, `ELEMENT_DETAIL`, `VALUE_TYPE`, `DESC`, `EXTRA`, `CREATE_USER`, `UPDATE_USER`, `CREATE_TIME`, `UPDATE_TIME`) values('8','ESLINT_NEW_SERIOUS','EsLint接入后严重告警数','linuxPaasCodeCCScript','CodeCC代码检查任务','ESLINT','INT','EsLint接入后严重告警数','JS','admin','admin','2019-04-03 12:00:00','2019-04-03 12:00:00');
INSERT IGNORE INTO `T_QUALITY_METADATA` (`ID`, `DATA_ID`, `DATA_NAME`, `ELEMENT_TYPE`, `ELEMENT_NAME`, `ELEMENT_DETAIL`, `VALUE_TYPE`, `DESC`, `EXTRA`, `CREATE_USER`, `UPDATE_USER`, `CREATE_TIME`, `UPDATE_TIME`) values('9','ESLINT_NEW_NORMAL','EsLint接入后一般告警数','linuxPaasCodeCCScript','CodeCC代码检查任务','ESLINT','INT','EsLint接入后一般告警数','JS','admin','admin','2019-04-03 12:00:00','2019-04-03 12:00:00');
INSERT IGNORE INTO `T_QUALITY_METADATA` (`ID`, `DATA_ID`, `DATA_NAME`, `ELEMENT_TYPE`, `ELEMENT_NAME`, `ELEMENT_DETAIL`, `VALUE_TYPE`, `DESC`, `EXTRA`, `CREATE_USER`, `UPDATE_USER`, `CREATE_TIME`, `UPDATE_TIME`) values('10','ESLINT_NEW_PROMPT','EsLint接入后提示告警数','linuxPaasCodeCCScript','CodeCC代码检查任务','ESLINT','INT','EsLint接入后提示告警数','JS','admin','admin','2019-04-03 12:00:00','2019-04-03 12:00:00');
INSERT IGNORE INTO `T_QUALITY_METADATA` (`ID`, `DATA_ID`, `DATA_NAME`, `ELEMENT_TYPE`, `ELEMENT_NAME`, `ELEMENT_DETAIL`, `VALUE_TYPE`, `DESC`, `EXTRA`, `CREATE_USER`, `UPDATE_USER`, `CREATE_TIME`, `UPDATE_TIME`) values('11','ESLINT_HISTORY_SERIOUS','EsLint接入前严重告警数','linuxPaasCodeCCScript','CodeCC代码检查任务','ESLINT','INT','EsLint接入前严重告警数','JS','admin','admin','2019-04-03 12:00:00','2019-04-03 12:00:00');
INSERT IGNORE INTO `T_QUALITY_METADATA` (`ID`, `DATA_ID`, `DATA_NAME`, `ELEMENT_TYPE`, `ELEMENT_NAME`, `ELEMENT_DETAIL`, `VALUE_TYPE`, `DESC`, `EXTRA`, `CREATE_USER`, `UPDATE_USER`, `CREATE_TIME`, `UPDATE_TIME`) values('12','ESLINT_HISTORY_NORMAL','EsLint接入前一般告警数','linuxPaasCodeCCScript','CodeCC代码检查任务','ESLINT','INT','EsLint接入前一般告警数','JS','admin','admin','2019-04-03 12:00:00','2019-04-03 12:00:00');
INSERT IGNORE INTO `T_QUALITY_METADATA` (`ID`, `DATA_ID`, `DATA_NAME`, `ELEMENT_TYPE`, `ELEMENT_NAME`, `ELEMENT_DETAIL`, `VALUE_TYPE`, `DESC`, `EXTRA`, `CREATE_USER`, `UPDATE_USER`, `CREATE_TIME`, `UPDATE_TIME`) values('13','ESLINT_HISTORY_PROMPT','EsLint接入前提示告警数','linuxPaasCodeCCScript','CodeCC代码检查任务','ESLINT','INT','EsLint接入前提示告警数','JS','admin','admin','2019-04-03 12:00:00','2019-04-03 12:00:00');
INSERT IGNORE INTO `T_QUALITY_METADATA` (`ID`, `DATA_ID`, `DATA_NAME`, `ELEMENT_TYPE`, `ELEMENT_NAME`, `ELEMENT_DETAIL`, `VALUE_TYPE`, `DESC`, `EXTRA`, `CREATE_USER`, `UPDATE_USER`, `CREATE_TIME`, `UPDATE_TIME`) values('14','ESLINT_NEW_TOSA','EsLint腾讯开源代码规范告警数','linuxPaasCodeCCScript','CodeCC代码检查任务','ESLINT','INT','EsLint腾讯开源代码规范告警数','JS','admin','admin','2019-04-03 12:00:00','2019-04-03 12:00:00');
INSERT IGNORE INTO `T_QUALITY_METADATA` (`ID`, `DATA_ID`, `DATA_NAME`, `ELEMENT_TYPE`, `ELEMENT_NAME`, `ELEMENT_DETAIL`, `VALUE_TYPE`, `DESC`, `EXTRA`, `CREATE_USER`, `UPDATE_USER`, `CREATE_TIME`, `UPDATE_TIME`) values('15','PYLINT_NEW_SERIOUS','PyLint接入后严重告警数','linuxPaasCodeCCScript','CodeCC代码检查任务','PYLINT','INT','PyLint接入后严重告警数','PYTHON','admin','admin','2019-04-03 12:00:00','2019-04-03 12:00:00');
INSERT IGNORE INTO `T_QUALITY_METADATA` (`ID`, `DATA_ID`, `DATA_NAME`, `ELEMENT_TYPE`, `ELEMENT_NAME`, `ELEMENT_DETAIL`, `VALUE_TYPE`, `DESC`, `EXTRA`, `CREATE_USER`, `UPDATE_USER`, `CREATE_TIME`, `UPDATE_TIME`) values('16','PYLINT_NEW_NORMAL','PyLint接入后一般告警数','linuxPaasCodeCCScript','CodeCC代码检查任务','PYLINT','INT','PyLint接入后一般告警数','PYTHON','admin','admin','2019-04-03 12:00:00','2019-04-03 12:00:00');
INSERT IGNORE INTO `T_QUALITY_METADATA` (`ID`, `DATA_ID`, `DATA_NAME`, `ELEMENT_TYPE`, `ELEMENT_NAME`, `ELEMENT_DETAIL`, `VALUE_TYPE`, `DESC`, `EXTRA`, `CREATE_USER`, `UPDATE_USER`, `CREATE_TIME`, `UPDATE_TIME`) values('17','PYLINT_NEW_PROMPT','PyLint接入后提示告警数','linuxPaasCodeCCScript','CodeCC代码检查任务','PYLINT','INT','PyLint接入后提示告警数','PYTHON','admin','admin','2019-04-03 12:00:00','2019-04-03 12:00:00');
INSERT IGNORE INTO `T_QUALITY_METADATA` (`ID`, `DATA_ID`, `DATA_NAME`, `ELEMENT_TYPE`, `ELEMENT_NAME`, `ELEMENT_DETAIL`, `VALUE_TYPE`, `DESC`, `EXTRA`, `CREATE_USER`, `UPDATE_USER`, `CREATE_TIME`, `UPDATE_TIME`) values('18','PYLINT_HISTORY_SERIOUS','PyLint接入前严重告警数','linuxPaasCodeCCScript','CodeCC代码检查任务','PYLINT','INT','PyLint接入前严重告警数','PYTHON','admin','admin','2019-04-03 12:00:00','2019-04-03 12:00:00');
INSERT IGNORE INTO `T_QUALITY_METADATA` (`ID`, `DATA_ID`, `DATA_NAME`, `ELEMENT_TYPE`, `ELEMENT_NAME`, `ELEMENT_DETAIL`, `VALUE_TYPE`, `DESC`, `EXTRA`, `CREATE_USER`, `UPDATE_USER`, `CREATE_TIME`, `UPDATE_TIME`) values('19','PYLINT_HISTORY_NORMAL','PyLint接入前一般告警数','linuxPaasCodeCCScript','CodeCC代码检查任务','PYLINT','INT','PyLint接入前一般告警数','PYTHON','admin','admin','2019-04-03 12:00:00','2019-04-03 12:00:00');
INSERT IGNORE INTO `T_QUALITY_METADATA` (`ID`, `DATA_ID`, `DATA_NAME`, `ELEMENT_TYPE`, `ELEMENT_NAME`, `ELEMENT_DETAIL`, `VALUE_TYPE`, `DESC`, `EXTRA`, `CREATE_USER`, `UPDATE_USER`, `CREATE_TIME`, `UPDATE_TIME`) values('20','PYLINT_HISTORY_PROMPT','PyLint接入前提示告警数','linuxPaasCodeCCScript','CodeCC代码检查任务','PYLINT','INT','PyLint接入前提示告警数','PYTHON','admin','admin','2019-04-03 12:00:00','2019-04-03 12:00:00');
INSERT IGNORE INTO `T_QUALITY_METADATA` (`ID`, `DATA_ID`, `DATA_NAME`, `ELEMENT_TYPE`, `ELEMENT_NAME`, `ELEMENT_DETAIL`, `VALUE_TYPE`, `DESC`, `EXTRA`, `CREATE_USER`, `UPDATE_USER`, `CREATE_TIME`, `UPDATE_TIME`) values('21','PYLINT_NEW_TOSA','PyLint腾讯开源代码规范告警数','linuxPaasCodeCCScript','CodeCC代码检查任务','PYLINT','INT','PyLint腾讯开源代码规范告警数','PYTHON','admin','admin','2019-04-03 12:00:00','2019-04-03 12:00:00');
INSERT IGNORE INTO `T_QUALITY_METADATA` (`ID`, `DATA_ID`, `DATA_NAME`, `ELEMENT_TYPE`, `ELEMENT_NAME`, `ELEMENT_DETAIL`, `VALUE_TYPE`, `DESC`, `EXTRA`, `CREATE_USER`, `UPDATE_USER`, `CREATE_TIME`, `UPDATE_TIME`) values('22','GOML_NEW_SERIOUS','Gometalinter接入后严重告警数','linuxPaasCodeCCScript','CodeCC代码检查任务','GOML','INT','Gometalinter接入后严重告警数','GOLANG','admin','admin','2019-04-03 12:00:00','2019-04-03 12:00:00');
INSERT IGNORE INTO `T_QUALITY_METADATA` (`ID`, `DATA_ID`, `DATA_NAME`, `ELEMENT_TYPE`, `ELEMENT_NAME`, `ELEMENT_DETAIL`, `VALUE_TYPE`, `DESC`, `EXTRA`, `CREATE_USER`, `UPDATE_USER`, `CREATE_TIME`, `UPDATE_TIME`) values('23','GOML_NEW_NORMAL','Gometalinter接入后一般告警数','linuxPaasCodeCCScript','CodeCC代码检查任务','GOML','INT','Gometalinter接入后一般告警数','GOLANG','admin','admin','2019-04-03 12:00:00','2019-04-03 12:00:00');
INSERT IGNORE INTO `T_QUALITY_METADATA` (`ID`, `DATA_ID`, `DATA_NAME`, `ELEMENT_TYPE`, `ELEMENT_NAME`, `ELEMENT_DETAIL`, `VALUE_TYPE`, `DESC`, `EXTRA`, `CREATE_USER`, `UPDATE_USER`, `CREATE_TIME`, `UPDATE_TIME`) values('24','GOML_NEW_PROMPT','Gometalinter接入后提示告警数','linuxPaasCodeCCScript','CodeCC代码检查任务','GOML','INT','Gometalinter接入后提示告警数','GOLANG','admin','admin','2019-04-03 12:00:00','2019-04-03 12:00:00');
INSERT IGNORE INTO `T_QUALITY_METADATA` (`ID`, `DATA_ID`, `DATA_NAME`, `ELEMENT_TYPE`, `ELEMENT_NAME`, `ELEMENT_DETAIL`, `VALUE_TYPE`, `DESC`, `EXTRA`, `CREATE_USER`, `UPDATE_USER`, `CREATE_TIME`, `UPDATE_TIME`) values('25','GOML_HISTORY_SERIOUS','Gometalinter接入前严重告警数','linuxPaasCodeCCScript','CodeCC代码检查任务','GOML','INT','Gometalinter接入前严重告警数','GOLANG','admin','admin','2019-04-03 12:00:00','2019-04-03 12:00:00');
INSERT IGNORE INTO `T_QUALITY_METADATA` (`ID`, `DATA_ID`, `DATA_NAME`, `ELEMENT_TYPE`, `ELEMENT_NAME`, `ELEMENT_DETAIL`, `VALUE_TYPE`, `DESC`, `EXTRA`, `CREATE_USER`, `UPDATE_USER`, `CREATE_TIME`, `UPDATE_TIME`) values('26','GOML_HISTORY_NORMAL','Gometalinter接入前一般告警数','linuxPaasCodeCCScript','CodeCC代码检查任务','GOML','INT','Gometalinter接入前一般告警数','GOLANG','admin','admin','2019-04-03 12:00:00','2019-04-03 12:00:00');
INSERT IGNORE INTO `T_QUALITY_METADATA` (`ID`, `DATA_ID`, `DATA_NAME`, `ELEMENT_TYPE`, `ELEMENT_NAME`, `ELEMENT_DETAIL`, `VALUE_TYPE`, `DESC`, `EXTRA`, `CREATE_USER`, `UPDATE_USER`, `CREATE_TIME`, `UPDATE_TIME`) values('27','GOML_HISTORY_PROMPT','Gometalinter接入前提示告警数','linuxPaasCodeCCScript','CodeCC代码检查任务','GOML','INT','Gometalinter接入前提示告警数','GOLANG','admin','admin','2019-04-03 12:00:00','2019-04-03 12:00:00');
INSERT IGNORE INTO `T_QUALITY_METADATA` (`ID`, `DATA_ID`, `DATA_NAME`, `ELEMENT_TYPE`, `ELEMENT_NAME`, `ELEMENT_DETAIL`, `VALUE_TYPE`, `DESC`, `EXTRA`, `CREATE_USER`, `UPDATE_USER`, `CREATE_TIME`, `UPDATE_TIME`) values('28','GOML_NEW_TOSA','Gometalinter腾讯开源代码规范告警数','linuxPaasCodeCCScript','CodeCC代码检查任务','GOML','INT','Gometalinter腾讯开源代码规范告警数','GOLANG','admin','admin','2019-04-03 12:00:00','2019-04-03 12:00:00');
INSERT IGNORE INTO `T_QUALITY_METADATA` (`ID`, `DATA_ID`, `DATA_NAME`, `ELEMENT_TYPE`, `ELEMENT_NAME`, `ELEMENT_DETAIL`, `VALUE_TYPE`, `DESC`, `EXTRA`, `CREATE_USER`, `UPDATE_USER`, `CREATE_TIME`, `UPDATE_TIME`) values('29','CHECKSTYLE_NEW_SERIOUS','CheckStyle接入后严重告警数','linuxPaasCodeCCScript','CodeCC代码检查任务','CHECKSTYLE','INT','CheckStyle接入后严重告警数','JAVA','admin','admin','2019-04-03 12:00:00','2019-04-03 12:00:00');
INSERT IGNORE INTO `T_QUALITY_METADATA` (`ID`, `DATA_ID`, `DATA_NAME`, `ELEMENT_TYPE`, `ELEMENT_NAME`, `ELEMENT_DETAIL`, `VALUE_TYPE`, `DESC`, `EXTRA`, `CREATE_USER`, `UPDATE_USER`, `CREATE_TIME`, `UPDATE_TIME`) values('30','CHECKSTYLE_NEW_NORMAL','CheckStyle接入后一般告警数','linuxPaasCodeCCScript','CodeCC代码检查任务','CHECKSTYLE','INT','CheckStyle接入后一般告警数','JAVA','admin','admin','2019-04-03 12:00:00','2019-04-03 12:00:00');
INSERT IGNORE INTO `T_QUALITY_METADATA` (`ID`, `DATA_ID`, `DATA_NAME`, `ELEMENT_TYPE`, `ELEMENT_NAME`, `ELEMENT_DETAIL`, `VALUE_TYPE`, `DESC`, `EXTRA`, `CREATE_USER`, `UPDATE_USER`, `CREATE_TIME`, `UPDATE_TIME`) values('31','CHECKSTYLE_NEW_PROMPT','CheckStyle接入后提示告警数','linuxPaasCodeCCScript','CodeCC代码检查任务','CHECKSTYLE','INT','CheckStyle接入后提示告警数','JAVA','admin','admin','2019-04-03 12:00:00','2019-04-03 12:00:00');
INSERT IGNORE INTO `T_QUALITY_METADATA` (`ID`, `DATA_ID`, `DATA_NAME`, `ELEMENT_TYPE`, `ELEMENT_NAME`, `ELEMENT_DETAIL`, `VALUE_TYPE`, `DESC`, `EXTRA`, `CREATE_USER`, `UPDATE_USER`, `CREATE_TIME`, `UPDATE_TIME`) values('32','CHECKSTYLE_HISTORY_SERIOUS','CheckStyle接入前严重告警数','linuxPaasCodeCCScript','CodeCC代码检查任务','CHECKSTYLE','INT','CheckStyle接入前严重告警数','JAVA','admin','admin','2019-04-03 12:00:00','2019-04-03 12:00:00');
INSERT IGNORE INTO `T_QUALITY_METADATA` (`ID`, `DATA_ID`, `DATA_NAME`, `ELEMENT_TYPE`, `ELEMENT_NAME`, `ELEMENT_DETAIL`, `VALUE_TYPE`, `DESC`, `EXTRA`, `CREATE_USER`, `UPDATE_USER`, `CREATE_TIME`, `UPDATE_TIME`) values('33','CHECKSTYLE_HISTORY_NORMAL','CheckStyle接入前一般告警数','linuxPaasCodeCCScript','CodeCC代码检查任务','CHECKSTYLE','INT','CheckStyle接入前一般告警数','JAVA','admin','admin','2019-04-03 12:00:00','2019-04-03 12:00:00');
INSERT IGNORE INTO `T_QUALITY_METADATA` (`ID`, `DATA_ID`, `DATA_NAME`, `ELEMENT_TYPE`, `ELEMENT_NAME`, `ELEMENT_DETAIL`, `VALUE_TYPE`, `DESC`, `EXTRA`, `CREATE_USER`, `UPDATE_USER`, `CREATE_TIME`, `UPDATE_TIME`) values('34','CHECKSTYLE_HISTORY_PROMPT','CheckStyle接入前提示告警数','linuxPaasCodeCCScript','CodeCC代码检查任务','CHECKSTYLE','INT','CheckStyle接入前提示告警数','JAVA','admin','admin','2019-04-03 12:00:00','2019-04-03 12:00:00');
INSERT IGNORE INTO `T_QUALITY_METADATA` (`ID`, `DATA_ID`, `DATA_NAME`, `ELEMENT_TYPE`, `ELEMENT_NAME`, `ELEMENT_DETAIL`, `VALUE_TYPE`, `DESC`, `EXTRA`, `CREATE_USER`, `UPDATE_USER`, `CREATE_TIME`, `UPDATE_TIME`) values('35','CHECKSTYLE_NEW_TOSA','CheckStyle腾讯开源代码规范告警数','linuxPaasCodeCCScript','CodeCC代码检查任务','CHECKSTYLE','INT','CheckStyle腾讯开源代码规范告警数','JAVA','admin','admin','2019-04-03 12:00:00','2019-04-03 12:00:00');
INSERT IGNORE INTO `T_QUALITY_METADATA` (`ID`, `DATA_ID`, `DATA_NAME`, `ELEMENT_TYPE`, `ELEMENT_NAME`, `ELEMENT_DETAIL`, `VALUE_TYPE`, `DESC`, `EXTRA`, `CREATE_USER`, `UPDATE_USER`, `CREATE_TIME`, `UPDATE_TIME`) values('36','STYLECOP_NEW_SERIOUS','StyleCop接入后严重告警数','linuxPaasCodeCCScript','CodeCC代码检查任务','STYLECOP','INT','StyleCop接入后严重告警数','C#','admin','admin','2019-04-03 12:00:00','2019-04-03 12:00:00');
INSERT IGNORE INTO `T_QUALITY_METADATA` (`ID`, `DATA_ID`, `DATA_NAME`, `ELEMENT_TYPE`, `ELEMENT_NAME`, `ELEMENT_DETAIL`, `VALUE_TYPE`, `DESC`, `EXTRA`, `CREATE_USER`, `UPDATE_USER`, `CREATE_TIME`, `UPDATE_TIME`) values('37','STYLECOP_NEW_NORMAL','StyleCop接入后一般告警数','linuxPaasCodeCCScript','CodeCC代码检查任务','STYLECOP','INT','StyleCop接入后一般告警数','C#','admin','admin','2019-04-03 12:00:00','2019-04-03 12:00:00');
INSERT IGNORE INTO `T_QUALITY_METADATA` (`ID`, `DATA_ID`, `DATA_NAME`, `ELEMENT_TYPE`, `ELEMENT_NAME`, `ELEMENT_DETAIL`, `VALUE_TYPE`, `DESC`, `EXTRA`, `CREATE_USER`, `UPDATE_USER`, `CREATE_TIME`, `UPDATE_TIME`) values('38','STYLECOP_NEW_PROMPT','StyleCop接入后提示告警数','linuxPaasCodeCCScript','CodeCC代码检查任务','STYLECOP','INT','StyleCop接入后提示告警数','C#','admin','admin','2019-04-03 12:00:00','2019-04-03 12:00:00');
INSERT IGNORE INTO `T_QUALITY_METADATA` (`ID`, `DATA_ID`, `DATA_NAME`, `ELEMENT_TYPE`, `ELEMENT_NAME`, `ELEMENT_DETAIL`, `VALUE_TYPE`, `DESC`, `EXTRA`, `CREATE_USER`, `UPDATE_USER`, `CREATE_TIME`, `UPDATE_TIME`) values('39','STYLECOP_HISTORY_SERIOUS','StyleCop接入前严重告警数','linuxPaasCodeCCScript','CodeCC代码检查任务','STYLECOP','INT','StyleCop接入前严重告警数','C#','admin','admin','2019-04-03 12:00:00','2019-04-03 12:00:00');
INSERT IGNORE INTO `T_QUALITY_METADATA` (`ID`, `DATA_ID`, `DATA_NAME`, `ELEMENT_TYPE`, `ELEMENT_NAME`, `ELEMENT_DETAIL`, `VALUE_TYPE`, `DESC`, `EXTRA`, `CREATE_USER`, `UPDATE_USER`, `CREATE_TIME`, `UPDATE_TIME`) values('40','STYLECOP_HISTORY_NORMAL','StyleCop接入前一般告警数','linuxPaasCodeCCScript','CodeCC代码检查任务','STYLECOP','INT','StyleCop接入前一般告警数','C#','admin','admin','2019-04-03 12:00:00','2019-04-03 12:00:00');
INSERT IGNORE INTO `T_QUALITY_METADATA` (`ID`, `DATA_ID`, `DATA_NAME`, `ELEMENT_TYPE`, `ELEMENT_NAME`, `ELEMENT_DETAIL`, `VALUE_TYPE`, `DESC`, `EXTRA`, `CREATE_USER`, `UPDATE_USER`, `CREATE_TIME`, `UPDATE_TIME`) values('41','STYLECOP_HISTORY_PROMPT','StyleCop接入前提示告警数','linuxPaasCodeCCScript','CodeCC代码检查任务','STYLECOP','INT','StyleCop接入前提示告警数','C#','admin','admin','2019-04-03 12:00:00','2019-04-03 12:00:00');
INSERT IGNORE INTO `T_QUALITY_METADATA` (`ID`, `DATA_ID`, `DATA_NAME`, `ELEMENT_TYPE`, `ELEMENT_NAME`, `ELEMENT_DETAIL`, `VALUE_TYPE`, `DESC`, `EXTRA`, `CREATE_USER`, `UPDATE_USER`, `CREATE_TIME`, `UPDATE_TIME`) values('43','CCN_AVERAGE','平均圈复杂度','linuxPaasCodeCCScript','CodeCC代码检查任务','CCN','FLOAT','平均圈复杂度','C/C++;JAVA;PYTHON;JS;PHP;RUBY;OC/OC++;C#','admin','admin','2019-04-03 12:00:00','2019-04-03 12:00:00');
INSERT IGNORE INTO `T_QUALITY_METADATA` (`ID`, `DATA_ID`, `DATA_NAME`, `ELEMENT_TYPE`, `ELEMENT_NAME`, `ELEMENT_DETAIL`, `VALUE_TYPE`, `DESC`, `EXTRA`, `CREATE_USER`, `UPDATE_USER`, `CREATE_TIME`, `UPDATE_TIME`) values('44','CCN_SINGLE_FUNC_MAX','单函数圈复杂度最大值','linuxPaasCodeCCScript','CodeCC代码检查任务','CCN','INT','单函数圈复杂度最大值','C/C++;JAVA;PYTHON;JS;PHP;RUBY;OC/OC++;C#','admin','admin','2019-04-03 12:00:00','2019-04-03 12:00:00');
INSERT IGNORE INTO `T_QUALITY_METADATA` (`ID`, `DATA_ID`, `DATA_NAME`, `ELEMENT_TYPE`, `ELEMENT_NAME`, `ELEMENT_DETAIL`, `VALUE_TYPE`, `DESC`, `EXTRA`, `CREATE_USER`, `UPDATE_USER`, `CREATE_TIME`, `UPDATE_TIME`) values('45','CCN_EXTREME','圈复杂度工具极高风险函数数量','linuxPaasCodeCCScript','CodeCC代码检查任务','CCN','INT','圈复杂度工具极高风险函数数量','C/C++;JAVA;PYTHON;JS;PHP;RUBY;OC/OC++;C#','admin','admin','2019-04-03 12:00:00','2019-04-03 12:00:00');
INSERT IGNORE INTO `T_QUALITY_METADATA` (`ID`, `DATA_ID`, `DATA_NAME`, `ELEMENT_TYPE`, `ELEMENT_NAME`, `ELEMENT_DETAIL`, `VALUE_TYPE`, `DESC`, `EXTRA`, `CREATE_USER`, `UPDATE_USER`, `CREATE_TIME`, `UPDATE_TIME`) values('46','CCN_HIGH','圈复杂度工具高风险函数数量','linuxPaasCodeCCScript','CodeCC代码检查任务','CCN','INT','圈复杂度工具高风险函数数量','C/C++;JAVA;PYTHON;JS;PHP;RUBY;OC/OC++;C#','admin','admin','2019-04-03 12:00:00','2019-04-03 12:00:00');
INSERT IGNORE INTO `T_QUALITY_METADATA` (`ID`, `DATA_ID`, `DATA_NAME`, `ELEMENT_TYPE`, `ELEMENT_NAME`, `ELEMENT_DETAIL`, `VALUE_TYPE`, `DESC`, `EXTRA`, `CREATE_USER`, `UPDATE_USER`, `CREATE_TIME`, `UPDATE_TIME`) values('47','CCN_MIDDLE','圈复杂度工具中风险函数数量','linuxPaasCodeCCScript','CodeCC代码检查任务','CCN','INT','圈复杂度工具中风险函数数量','C/C++;JAVA;PYTHON;JS;PHP;RUBY;OC/OC++;C#','admin','admin','2019-04-03 12:00:00','2019-04-03 12:00:00');
INSERT IGNORE INTO `T_QUALITY_METADATA` (`ID`, `DATA_ID`, `DATA_NAME`, `ELEMENT_TYPE`, `ELEMENT_NAME`, `ELEMENT_DETAIL`, `VALUE_TYPE`, `DESC`, `EXTRA`, `CREATE_USER`, `UPDATE_USER`, `CREATE_TIME`, `UPDATE_TIME`) values('48','DUPC_SINGLE_FILE_MAX','单文件代码重复率最大值','linuxPaasCodeCCScript','CodeCC代码检查任务','DUPC','FLOAT','单文件代码重复率最大值','C/C++;JAVA;JS;OC/OC++;C#','admin','admin','2019-04-03 12:00:00','2019-04-03 12:00:00');
INSERT IGNORE INTO `T_QUALITY_METADATA` (`ID`, `DATA_ID`, `DATA_NAME`, `ELEMENT_TYPE`, `ELEMENT_NAME`, `ELEMENT_DETAIL`, `VALUE_TYPE`, `DESC`, `EXTRA`, `CREATE_USER`, `UPDATE_USER`, `CREATE_TIME`, `UPDATE_TIME`) values('49','DUPC_AVERAGE','平均代码重复率','linuxPaasCodeCCScript','CodeCC代码检查任务','DUPC','FLOAT','平均代码重复率','C/C++;JAVA;JS;OC/OC++;C#','admin','admin','2019-04-03 12:00:00','2019-04-03 12:00:00');
INSERT IGNORE INTO `T_QUALITY_METADATA` (`ID`, `DATA_ID`, `DATA_NAME`, `ELEMENT_TYPE`, `ELEMENT_NAME`, `ELEMENT_DETAIL`, `VALUE_TYPE`, `DESC`, `EXTRA`, `CREATE_USER`, `UPDATE_USER`, `CREATE_TIME`, `UPDATE_TIME`) values('50','DUPC_EXTREME','重复率工具极高风险文件数','linuxPaasCodeCCScript','CodeCC代码检查任务','DUPC','INT','重复率工具极高风险文件数','C/C++;JAVA;JS;OC/OC++;C#','admin','admin','2019-04-03 12:00:00','2019-04-03 12:00:00');
INSERT IGNORE INTO `T_QUALITY_METADATA` (`ID`, `DATA_ID`, `DATA_NAME`, `ELEMENT_TYPE`, `ELEMENT_NAME`, `ELEMENT_DETAIL`, `VALUE_TYPE`, `DESC`, `EXTRA`, `CREATE_USER`, `UPDATE_USER`, `CREATE_TIME`, `UPDATE_TIME`) values('51','DUPC_HIGH','重复率工具高风险文件数','linuxPaasCodeCCScript','CodeCC代码检查任务','DUPC','INT','重复率工具高风险文件数','C/C++;JAVA;JS;OC/OC++;C#','admin','admin','2019-04-03 12:00:00','2019-04-03 12:00:00');
INSERT IGNORE INTO `T_QUALITY_METADATA` (`ID`, `DATA_ID`, `DATA_NAME`, `ELEMENT_TYPE`, `ELEMENT_NAME`, `ELEMENT_DETAIL`, `VALUE_TYPE`, `DESC`, `EXTRA`, `CREATE_USER`, `UPDATE_USER`, `CREATE_TIME`, `UPDATE_TIME`) values('52','DUPC_MIDDLE','重复率工具中风险文件数','linuxPaasCodeCCScript','CodeCC代码检查任务','DUPC','INT','重复率工具中风险文件数','C/C++;JAVA;JS;OC/OC++;C#','admin','admin','2019-04-03 12:00:00','2019-04-03 12:00:00');
INSERT IGNORE INTO `T_QUALITY_METADATA` (`ID`, `DATA_ID`, `DATA_NAME`, `ELEMENT_TYPE`, `ELEMENT_NAME`, `ELEMENT_DETAIL`, `VALUE_TYPE`, `DESC`, `EXTRA`, `CREATE_USER`, `UPDATE_USER`, `CREATE_TIME`, `UPDATE_TIME`) values('129','PHPCS_NEW_SERIOUS','PHPCS接入后严重告警数','linuxPaasCodeCCScript','CodeCC代码检查任务','PHPCS','INT','PHPCS接入后严重告警数','PHP','admin','admin','2019-04-03 10:21:50','2019-04-03 10:23:54');
INSERT IGNORE INTO `T_QUALITY_METADATA` (`ID`, `DATA_ID`, `DATA_NAME`, `ELEMENT_TYPE`, `ELEMENT_NAME`, `ELEMENT_DETAIL`, `VALUE_TYPE`, `DESC`, `EXTRA`, `CREATE_USER`, `UPDATE_USER`, `CREATE_TIME`, `UPDATE_TIME`) values('130','PHPCS_NEW_NORMAL','PHPCS接入后一般告警数','linuxPaasCodeCCScript','CodeCC代码检查任务','PHPCS','INT','PHPCS接入后一般告警数','PHP','admin','admin','2019-04-03 10:18:40','2019-04-03 10:20:48');
INSERT IGNORE INTO `T_QUALITY_METADATA` (`ID`, `DATA_ID`, `DATA_NAME`, `ELEMENT_TYPE`, `ELEMENT_NAME`, `ELEMENT_DETAIL`, `VALUE_TYPE`, `DESC`, `EXTRA`, `CREATE_USER`, `UPDATE_USER`, `CREATE_TIME`, `UPDATE_TIME`) values('131','PHPCS_NEW_PROMPT','PHPCS接入后提示告警数','linuxPaasCodeCCScript','CodeCC代码检查任务','PHPCS','INT','PHPCS接入后提示告警数','PHP','admin','admin','2019-04-03 10:15:30','2019-04-03 10:17:42');
INSERT IGNORE INTO `T_QUALITY_METADATA` (`ID`, `DATA_ID`, `DATA_NAME`, `ELEMENT_TYPE`, `ELEMENT_NAME`, `ELEMENT_DETAIL`, `VALUE_TYPE`, `DESC`, `EXTRA`, `CREATE_USER`, `UPDATE_USER`, `CREATE_TIME`, `UPDATE_TIME`) values('132','PHPCS_HISTORY_SERIOUS','PHPCS接入前严重告警数','linuxPaasCodeCCScript','CodeCC代码检查任务','PHPCS','INT','PHPCS接入前严重告警数','PHP','admin','admin','2019-04-03 10:12:20','2019-04-03 10:14:36');
INSERT IGNORE INTO `T_QUALITY_METADATA` (`ID`, `DATA_ID`, `DATA_NAME`, `ELEMENT_TYPE`, `ELEMENT_NAME`, `ELEMENT_DETAIL`, `VALUE_TYPE`, `DESC`, `EXTRA`, `CREATE_USER`, `UPDATE_USER`, `CREATE_TIME`, `UPDATE_TIME`) values('133','PHPCS_HISTORY_NORMAL','PHPCS接入前一般告警数','linuxPaasCodeCCScript','CodeCC代码检查任务','PHPCS','INT','PHPCS接入前一般告警数','PHP','admin','admin','2019-04-03 10:09:10','2019-04-03 10:11:30');
INSERT IGNORE INTO `T_QUALITY_METADATA` (`ID`, `DATA_ID`, `DATA_NAME`, `ELEMENT_TYPE`, `ELEMENT_NAME`, `ELEMENT_DETAIL`, `VALUE_TYPE`, `DESC`, `EXTRA`, `CREATE_USER`, `UPDATE_USER`, `CREATE_TIME`, `UPDATE_TIME`) values('134','PHPCS_HISTORY_PROMPT','PHPCS接入前提示告警数','linuxPaasCodeCCScript','CodeCC代码检查任务','PHPCS','INT','PHPCS接入前提示告警数','PHP','admin','admin','2019-04-03 10:06:00','2019-04-03 10:08:24');
INSERT IGNORE INTO `T_QUALITY_METADATA` (`ID`, `DATA_ID`, `DATA_NAME`, `ELEMENT_TYPE`, `ELEMENT_NAME`, `ELEMENT_DETAIL`, `VALUE_TYPE`, `DESC`, `EXTRA`, `CREATE_USER`, `UPDATE_USER`, `CREATE_TIME`, `UPDATE_TIME`) values('356','OCCHECK_NEW_SERIOUS','OCCheck工具接入后严重告警数','linuxPaasCodeCCScript','CodeCC代码检查任务','OCCHECK','INT','','OC/OC++','admin','admin','2019-06-24 10:00:46',NULL);
INSERT IGNORE INTO `T_QUALITY_METADATA` (`ID`, `DATA_ID`, `DATA_NAME`, `ELEMENT_TYPE`, `ELEMENT_NAME`, `ELEMENT_DETAIL`, `VALUE_TYPE`, `DESC`, `EXTRA`, `CREATE_USER`, `UPDATE_USER`, `CREATE_TIME`, `UPDATE_TIME`) values('357','OCCHECK_NEW_NORMAL','OCCheck工具接入后一般告警数','linuxPaasCodeCCScript','CodeCC代码检查任务','OCCHECK','INT','','OC/OC++','admin','admin','2019-06-24 10:00:46',NULL);
INSERT IGNORE INTO `T_QUALITY_METADATA` (`ID`, `DATA_ID`, `DATA_NAME`, `ELEMENT_TYPE`, `ELEMENT_NAME`, `ELEMENT_DETAIL`, `VALUE_TYPE`, `DESC`, `EXTRA`, `CREATE_USER`, `UPDATE_USER`, `CREATE_TIME`, `UPDATE_TIME`) values('358','OCCHECK_NEW_PROMPT','OCCheck工具接入后提示告警数','linuxPaasCodeCCScript','CodeCC代码检查任务','OCCHECK','INT','','OC/OC++','admin','admin','2019-06-24 10:00:46',NULL);
INSERT IGNORE INTO `T_QUALITY_METADATA` (`ID`, `DATA_ID`, `DATA_NAME`, `ELEMENT_TYPE`, `ELEMENT_NAME`, `ELEMENT_DETAIL`, `VALUE_TYPE`, `DESC`, `EXTRA`, `CREATE_USER`, `UPDATE_USER`, `CREATE_TIME`, `UPDATE_TIME`) values('359','OCCHECK_HISTORY_SERIOUS','OCCheck工具接入前严重告警数','linuxPaasCodeCCScript','CodeCC代码检查任务','OCCHECK','INT','','OC/OC++','admin','admin','2019-06-24 10:00:46',NULL);
INSERT IGNORE INTO `T_QUALITY_METADATA` (`ID`, `DATA_ID`, `DATA_NAME`, `ELEMENT_TYPE`, `ELEMENT_NAME`, `ELEMENT_DETAIL`, `VALUE_TYPE`, `DESC`, `EXTRA`, `CREATE_USER`, `UPDATE_USER`, `CREATE_TIME`, `UPDATE_TIME`) values('360','OCCHECK_HISTORY_NORMAL','OCCheck工具接入前一般告警数','linuxPaasCodeCCScript','CodeCC代码检查任务','OCCHECK','INT','','OC/OC++','admin','admin','2019-06-24 10:00:46',NULL);
INSERT IGNORE INTO `T_QUALITY_METADATA` (`ID`, `DATA_ID`, `DATA_NAME`, `ELEMENT_TYPE`, `ELEMENT_NAME`, `ELEMENT_DETAIL`, `VALUE_TYPE`, `DESC`, `EXTRA`, `CREATE_USER`, `UPDATE_USER`, `CREATE_TIME`, `UPDATE_TIME`) values('361','OCCHECK_HISTORY_PROMPT','OCCheck工具接入前提示告警数','linuxPaasCodeCCScript','CodeCC代码检查任务','OCCHECK','INT','','OC/OC++','admin','admin','2019-06-24 10:00:46',NULL);
INSERT IGNORE INTO `T_QUALITY_METADATA` (`ID`, `DATA_ID`, `DATA_NAME`, `ELEMENT_TYPE`, `ELEMENT_NAME`, `ELEMENT_DETAIL`, `VALUE_TYPE`, `DESC`, `EXTRA`, `CREATE_USER`, `UPDATE_USER`, `CREATE_TIME`, `UPDATE_TIME`) values('406','CCN_NEW_SINGLE_FUNC_MAX','接入后新代码单函数圈复杂度最大值','linuxPaasCodeCCScript','CodeCC代码检查任务','CCN','INT','','C/C++;JAVA;PYTHON;JS;PHP;RUBY;OC/OC++;C#;GOLANG;LUA','admin','admin','2019-07-02 10:00:46',NULL);
INSERT IGNORE INTO `T_QUALITY_METADATA` (`ID`, `DATA_ID`, `DATA_NAME`, `ELEMENT_TYPE`, `ELEMENT_NAME`, `ELEMENT_DETAIL`, `VALUE_TYPE`, `DESC`, `EXTRA`, `CREATE_USER`, `UPDATE_USER`, `CREATE_TIME`, `UPDATE_TIME`) values('407','CCN_NEW_FUNC_COUNT','圈复杂度工具接入后新代码风险函数个数','linuxPaasCodeCCScript','CodeCC代码检查任务','CCN','INT','','C/C++;JAVA;PYTHON;JS;PHP;RUBY;OC/OC++;C#;GOLANG;LUA','admin','admin','2019-07-02 10:00:46',NULL);
INSERT IGNORE INTO `T_QUALITY_METADATA` (`ID`, `DATA_ID`, `DATA_NAME`, `ELEMENT_TYPE`, `ELEMENT_NAME`, `ELEMENT_DETAIL`, `VALUE_TYPE`, `DESC`, `EXTRA`, `CREATE_USER`, `UPDATE_USER`, `CREATE_TIME`, `UPDATE_TIME`) values('464','GOML_GOLINT/FNSIZE_NEW','新代码函数行过多（golint/fnsize）告警数','linuxPaasCodeCCScript','CodeCC代码检查任务','GOML','INT','新代码函数行过多（golint/fnsize）告警数','GOLANG','admin','admin','2019-07-02 10:00:46',NULL);
INSERT IGNORE INTO `T_QUALITY_METADATA` (`ID`, `DATA_ID`, `DATA_NAME`, `ELEMENT_TYPE`, `ELEMENT_NAME`, `ELEMENT_DETAIL`, `VALUE_TYPE`, `DESC`, `EXTRA`, `CREATE_USER`, `UPDATE_USER`, `CREATE_TIME`, `UPDATE_TIME`) values('465','GOML_GOLINT/FNSIZE_HISTORY','历史代码函数行过多（golint/fnsize）告警数','linuxPaasCodeCCScript','CodeCC代码检查任务','GOML','INT','历史代码函数行过多（golint/fnsize）告警数','GOLANG','admin','admin','2019-07-02 10:00:46',NULL);
INSERT IGNORE INTO `T_QUALITY_METADATA` (`ID`, `DATA_ID`, `DATA_NAME`, `ELEMENT_TYPE`, `ELEMENT_NAME`, `ELEMENT_DETAIL`, `VALUE_TYPE`, `DESC`, `EXTRA`, `CREATE_USER`, `UPDATE_USER`, `CREATE_TIME`, `UPDATE_TIME`) values('466','CHECKSTYLE_METHODLENGTH_NEW','新代码函数行过多（MethodLength）告警数','linuxPaasCodeCCScript','CodeCC代码检查任务','CHECKSTYLE','INT','新代码函数行过多（MethodLength）告警数','JAVA','admin','admin','2019-07-02 10:00:46',NULL);
INSERT IGNORE INTO `T_QUALITY_METADATA` (`ID`, `DATA_ID`, `DATA_NAME`, `ELEMENT_TYPE`, `ELEMENT_NAME`, `ELEMENT_DETAIL`, `VALUE_TYPE`, `DESC`, `EXTRA`, `CREATE_USER`, `UPDATE_USER`, `CREATE_TIME`, `UPDATE_TIME`) values('467','CHECKSTYLE_METHODLENGTH_HISTORY','历史代码函数行过多（MethodLength）告警数','linuxPaasCodeCCScript','CodeCC代码检查任务','CHECKSTYLE','INT','历史代码函数行过多（MethodLength）告警数','JAVA','admin','admin','2019-07-02 10:00:46',NULL);
INSERT IGNORE INTO `T_QUALITY_METADATA` (`ID`, `DATA_ID`, `DATA_NAME`, `ELEMENT_TYPE`, `ELEMENT_NAME`, `ELEMENT_DETAIL`, `VALUE_TYPE`, `DESC`, `EXTRA`, `CREATE_USER`, `UPDATE_USER`, `CREATE_TIME`, `UPDATE_TIME`) values('468','OCCHECK_MAXLINESPERFUNCTION_NEW','新代码函数行过多（MaxLinesPerFunction）告警数','linuxPaasCodeCCScript','CodeCC代码检查任务','OCCHECK','INT','新代码函数行过多（MaxLinesPerFunction）告警数','OC/OC++','admin','admin','2019-07-02 10:00:46',NULL);
INSERT IGNORE INTO `T_QUALITY_METADATA` (`ID`, `DATA_ID`, `DATA_NAME`, `ELEMENT_TYPE`, `ELEMENT_NAME`, `ELEMENT_DETAIL`, `VALUE_TYPE`, `DESC`, `EXTRA`, `CREATE_USER`, `UPDATE_USER`, `CREATE_TIME`, `UPDATE_TIME`) values('469','OCCHECK_MAXLINESPERFUNCTION_HISTORY','历史代码函数行过多（MaxLinesPerFunction）告警数','linuxPaasCodeCCScript','CodeCC代码检查任务','OCCHECK','INT','历史代码函数行过多（MaxLinesPerFunction）告警数','OC/OC++','admin','admin','2019-07-02 10:00:46',NULL);
INSERT IGNORE INTO `T_QUALITY_METADATA` (`ID`, `DATA_ID`, `DATA_NAME`, `ELEMENT_TYPE`, `ELEMENT_NAME`, `ELEMENT_DETAIL`, `VALUE_TYPE`, `DESC`, `EXTRA`, `CREATE_USER`, `UPDATE_USER`, `CREATE_TIME`, `UPDATE_TIME`) VALUES ('470','BKCHECK-CPP_HISTORY_NORMAL','BKCHECK-CPP接入前一般告警数','linuxPaasCodeCCScript','CodeCC代码检查任务','BKCHECK-CPP','INT','BKCHECK-CPP接入前一般告警数','C/C++','admin',NULL,'2020-07-24 21:59:05',NULL);
INSERT IGNORE INTO `T_QUALITY_METADATA` (`ID`, `DATA_ID`, `DATA_NAME`, `ELEMENT_TYPE`, `ELEMENT_NAME`, `ELEMENT_DETAIL`, `VALUE_TYPE`, `DESC`, `EXTRA`, `CREATE_USER`, `UPDATE_USER`, `CREATE_TIME`, `UPDATE_TIME`) VALUES ('471','BKCHECK-CPP_HISTORY_SERIOUS','BKCHECK-CPP接入前严重告警数','linuxPaasCodeCCScript','CodeCC代码检查任务','BKCHECK-CPP','INT','BKCHECK-CPP接入前严重告警数','C/C++','admin',NULL,'2020-07-24 21:59:05',NULL);
INSERT IGNORE INTO `T_QUALITY_METADATA` (`ID`, `DATA_ID`, `DATA_NAME`, `ELEMENT_TYPE`, `ELEMENT_NAME`, `ELEMENT_DETAIL`, `VALUE_TYPE`, `DESC`, `EXTRA`, `CREATE_USER`, `UPDATE_USER`, `CREATE_TIME`, `UPDATE_TIME`) VALUES ('472','BKCHECK-CPP_HISTORY_PROMPT','BKCHECK-CPP接入前提示告警数','linuxPaasCodeCCScript','CodeCC代码检查任务','BKCHECK-CPP','INT','BKCHECK-CPP接入前提示告警数','C/C++','admin',NULL,'2020-07-24 21:59:05',NULL);
INSERT IGNORE INTO `T_QUALITY_METADATA` (`ID`, `DATA_ID`, `DATA_NAME`, `ELEMENT_TYPE`, `ELEMENT_NAME`, `ELEMENT_DETAIL`, `VALUE_TYPE`, `DESC`, `EXTRA`, `CREATE_USER`, `UPDATE_USER`, `CREATE_TIME`, `UPDATE_TIME`) VALUES ('473','BKCHECK-CPP_NEW_NORMAL','BKCHECK-CPP接入后一般告警数','linuxPaasCodeCCScript','CodeCC代码检查任务','BKCHECK-CPP','INT','BKCHECK-CPP接入后一般告警数','C/C++','admin',NULL,'2020-07-24 21:59:05',NULL);
INSERT IGNORE INTO `T_QUALITY_METADATA` (`ID`, `DATA_ID`, `DATA_NAME`, `ELEMENT_TYPE`, `ELEMENT_NAME`, `ELEMENT_DETAIL`, `VALUE_TYPE`, `DESC`, `EXTRA`, `CREATE_USER`, `UPDATE_USER`, `CREATE_TIME`, `UPDATE_TIME`) VALUES ('474','BKCHECK-CPP_NEW_SERIOUS','BKCHECK-CPP接入后严重告警数','linuxPaasCodeCCScript','CodeCC代码检查任务','BKCHECK-CPP','INT','BKCHECK-CPP接入后严重告警数','C/C++','admin',NULL,'2020-07-24 21:59:05',NULL);
INSERT IGNORE INTO `T_QUALITY_METADATA` (`ID`, `DATA_ID`, `DATA_NAME`, `ELEMENT_TYPE`, `ELEMENT_NAME`, `ELEMENT_DETAIL`, `VALUE_TYPE`, `DESC`, `EXTRA`, `CREATE_USER`, `UPDATE_USER`, `CREATE_TIME`, `UPDATE_TIME`) VALUES ('475','BKCHECK-CPP_NEW_PROMPT','BKCHECK-CPP接入后提示告警数','linuxPaasCodeCCScript','CodeCC代码检查任务','BKCHECK-CPP','INT','BKCHECK-CPP接入后提示告警数','C/C++','admin',NULL,'2020-07-24 21:59:05',NULL);
INSERT IGNORE INTO `T_QUALITY_METADATA` (`ID`, `DATA_ID`, `DATA_NAME`, `ELEMENT_TYPE`, `ELEMENT_NAME`, `ELEMENT_DETAIL`, `VALUE_TYPE`, `DESC`, `EXTRA`, `CREATE_USER`, `UPDATE_USER`, `CREATE_TIME`, `UPDATE_TIME`) VALUES ('476','BKCHECK-OC_HISTORY_NORMAL','BKCHECK-OC接入前一般告警数','linuxPaasCodeCCScript','CodeCC代码检查任务','BKCHECK-OC','INT','','OC/OC++','admin',NULL,'2020-05-25 22:45:22',NULL);
INSERT IGNORE INTO `T_QUALITY_METADATA` (`ID`, `DATA_ID`, `DATA_NAME`, `ELEMENT_TYPE`, `ELEMENT_NAME`, `ELEMENT_DETAIL`, `VALUE_TYPE`, `DESC`, `EXTRA`, `CREATE_USER`, `UPDATE_USER`, `CREATE_TIME`, `UPDATE_TIME`) VALUES ('477','BKCHECK-OC_HISTORY_SERIOUS','BKCHECK-OC接入前严重告警数','linuxPaasCodeCCScript','CodeCC代码检查任务','BKCHECK-OC','INT','','OC/OC++','admin',NULL,'2020-05-25 22:45:22',NULL);
INSERT IGNORE INTO `T_QUALITY_METADATA` (`ID`, `DATA_ID`, `DATA_NAME`, `ELEMENT_TYPE`, `ELEMENT_NAME`, `ELEMENT_DETAIL`, `VALUE_TYPE`, `DESC`, `EXTRA`, `CREATE_USER`, `UPDATE_USER`, `CREATE_TIME`, `UPDATE_TIME`) VALUES ('478','BKCHECK-OC_HISTORY_PROMPT','BKCHECK-OC接入前提示告警数','linuxPaasCodeCCScript','CodeCC代码检查任务','BKCHECK-OC','INT','','OC/OC++','admin',NULL,'2020-05-25 22:45:22',NULL);
INSERT IGNORE INTO `T_QUALITY_METADATA` (`ID`, `DATA_ID`, `DATA_NAME`, `ELEMENT_TYPE`, `ELEMENT_NAME`, `ELEMENT_DETAIL`, `VALUE_TYPE`, `DESC`, `EXTRA`, `CREATE_USER`, `UPDATE_USER`, `CREATE_TIME`, `UPDATE_TIME`) VALUES ('479','BKCHECK-OC_NEW_NORMAL','BKCHECK-OC接入后一般告警数','linuxPaasCodeCCScript','CodeCC代码检查任务','BKCHECK-OC','INT','','OC/OC++','admin',NULL,'2020-05-25 22:45:22',NULL);
INSERT IGNORE INTO `T_QUALITY_METADATA` (`ID`, `DATA_ID`, `DATA_NAME`, `ELEMENT_TYPE`, `ELEMENT_NAME`, `ELEMENT_DETAIL`, `VALUE_TYPE`, `DESC`, `EXTRA`, `CREATE_USER`, `UPDATE_USER`, `CREATE_TIME`, `UPDATE_TIME`) VALUES ('480','BKCHECK-OC_NEW_SERIOUS','BKCHECK-OC接入后严重告警数','linuxPaasCodeCCScript','CodeCC代码检查任务','BKCHECK-OC','INT','','OC/OC++','admin',NULL,'2020-05-25 22:45:22',NULL);
INSERT IGNORE INTO `T_QUALITY_METADATA` (`ID`, `DATA_ID`, `DATA_NAME`, `ELEMENT_TYPE`, `ELEMENT_NAME`, `ELEMENT_DETAIL`, `VALUE_TYPE`, `DESC`, `EXTRA`, `CREATE_USER`, `UPDATE_USER`, `CREATE_TIME`, `UPDATE_TIME`) VALUES ('481','BKCHECK-OC_NEW_PROMPT','BKCHECK-OC接入后提示告警数','linuxPaasCodeCCScript','CodeCC代码检查任务','BKCHECK-OC','INT','','OC/OC++','admin',NULL,'2020-05-25 22:45:22',NULL);
INSERT IGNORE INTO `T_QUALITY_METADATA` (`ID`, `DATA_ID`, `DATA_NAME`, `ELEMENT_TYPE`, `ELEMENT_NAME`, `ELEMENT_DETAIL`, `VALUE_TYPE`, `DESC`, `EXTRA`, `CREATE_USER`, `UPDATE_USER`, `CREATE_TIME`, `UPDATE_TIME`) VALUES ('482','CCN_HISTORY_FUNC_BEYOND_THRESHOLD_SUM','历史风险函数超标复杂度总数','linuxPaasCodeCCScript','CodeCC代码检查任务','CCN','INT','历史风险函数超标复杂度总数','C/C++;JAVA;PYTHON;JS;PHP;RUBY;OC/OC++;C#','admin','admin','2019-10-25 10:42:49','2019-10-25 10:42:49');
INSERT IGNORE INTO `T_QUALITY_METADATA` (`ID`, `DATA_ID`, `DATA_NAME`, `ELEMENT_TYPE`, `ELEMENT_NAME`, `ELEMENT_DETAIL`, `VALUE_TYPE`, `DESC`, `EXTRA`, `CREATE_USER`, `UPDATE_USER`, `CREATE_TIME`, `UPDATE_TIME`) VALUES ('483','CCN_NEW_FUNC_BEYOND_THRESHOLD_SUM','新风险函数超标复杂度总数','linuxPaasCodeCCScript','CodeCC代码检查任务','CCN','INT','新风险函数超标复杂度总数','C/C++;JAVA;PYTHON;JS;PHP;RUBY;OC/OC++;C#','admin','admin','2019-10-25 10:42:49','2019-10-25 10:42:49');
INSERT IGNORE INTO `T_QUALITY_METADATA` (`ID`, `DATA_ID`, `DATA_NAME`, `ELEMENT_TYPE`, `ELEMENT_NAME`, `ELEMENT_DETAIL`, `VALUE_TYPE`, `DESC`, `EXTRA`, `CREATE_USER`, `UPDATE_USER`, `CREATE_TIME`, `UPDATE_TIME`) VALUES ('484','WOODPECKER_SENSITIVE_HISTORY_NORMAL','啄木鸟敏感信息接入前一般告警数','linuxPaasCodeCCScript','CodeCC代码检查任务','WOODPECKER_SENSITIVE','INT','','ALL','admin',NULL,'2020-05-25 22:45:22',NULL);
INSERT IGNORE INTO `T_QUALITY_METADATA` (`ID`, `DATA_ID`, `DATA_NAME`, `ELEMENT_TYPE`, `ELEMENT_NAME`, `ELEMENT_DETAIL`, `VALUE_TYPE`, `DESC`, `EXTRA`, `CREATE_USER`, `UPDATE_USER`, `CREATE_TIME`, `UPDATE_TIME`) VALUES ('485','WOODPECKER_SENSITIVE_HISTORY_PROMPT','啄木鸟敏感信息接入前提示告警数','linuxPaasCodeCCScript','CodeCC代码检查任务','WOODPECKER_SENSITIVE','INT','','ALL','admin',NULL,'2020-05-25 22:45:22',NULL);
INSERT IGNORE INTO `T_QUALITY_METADATA` (`ID`, `DATA_ID`, `DATA_NAME`, `ELEMENT_TYPE`, `ELEMENT_NAME`, `ELEMENT_DETAIL`, `VALUE_TYPE`, `DESC`, `EXTRA`, `CREATE_USER`, `UPDATE_USER`, `CREATE_TIME`, `UPDATE_TIME`) VALUES ('486','WOODPECKER_SENSITIVE_HISTORY_SERIOUS','啄木鸟敏感信息接入前严重告警数','linuxPaasCodeCCScript','CodeCC代码检查任务','WOODPECKER_SENSITIVE','INT','','ALL','admin',NULL,'2020-05-25 22:45:22',NULL);
INSERT IGNORE INTO `T_QUALITY_METADATA` (`ID`, `DATA_ID`, `DATA_NAME`, `ELEMENT_TYPE`, `ELEMENT_NAME`, `ELEMENT_DETAIL`, `VALUE_TYPE`, `DESC`, `EXTRA`, `CREATE_USER`, `UPDATE_USER`, `CREATE_TIME`, `UPDATE_TIME`) VALUES ('487','WOODPECKER_SENSITIVE_NEW_NORMAL','啄木鸟敏感信息接入后一般告警数','linuxPaasCodeCCScript','CodeCC代码检查任务','WOODPECKER_SENSITIVE','INT','','ALL','admin',NULL,'2020-05-25 22:45:22',NULL);
INSERT IGNORE INTO `T_QUALITY_METADATA` (`ID`, `DATA_ID`, `DATA_NAME`, `ELEMENT_TYPE`, `ELEMENT_NAME`, `ELEMENT_DETAIL`, `VALUE_TYPE`, `DESC`, `EXTRA`, `CREATE_USER`, `UPDATE_USER`, `CREATE_TIME`, `UPDATE_TIME`) VALUES ('488','WOODPECKER_SENSITIVE_NEW_PROMPT','啄木鸟敏感信息接入后提示告警数','linuxPaasCodeCCScript','CodeCC代码检查任务','WOODPECKER_SENSITIVE','INT','','ALL','admin',NULL,'2020-05-25 22:45:22',NULL);
INSERT IGNORE INTO `T_QUALITY_METADATA` (`ID`, `DATA_ID`, `DATA_NAME`, `ELEMENT_TYPE`, `ELEMENT_NAME`, `ELEMENT_DETAIL`, `VALUE_TYPE`, `DESC`, `EXTRA`, `CREATE_USER`, `UPDATE_USER`, `CREATE_TIME`, `UPDATE_TIME`) VALUES ('489','WOODPECKER_SENSITIVE_NEW_SERIOUS','啄木鸟敏感信息接入后严重告警数','linuxPaasCodeCCScript','CodeCC代码检查任务','WOODPECKER_SENSITIVE','INT','','ALL','admin',NULL,'2020-05-25 22:45:22',NULL);
INSERT IGNORE INTO `T_QUALITY_METADATA` (`ID`, `DATA_ID`, `DATA_NAME`, `ELEMENT_TYPE`, `ELEMENT_NAME`, `ELEMENT_DETAIL`, `VALUE_TYPE`, `DESC`, `EXTRA`, `CREATE_USER`, `UPDATE_USER`, `CREATE_TIME`, `UPDATE_TIME`) VALUES ('490','WOODPECKER_SENSITIVE_NORMAL','啄木鸟敏感信息一般告警数','linuxPaasCodeCCScript','CodeCC代码检查任务','WOODPECKER_SENSITIVE','INT','啄木鸟敏感信息一般告警数','ALL','admin','admin','2019-12-14 23:27:11','2019-12-14 23:27:11');
INSERT IGNORE INTO `T_QUALITY_METADATA` (`ID`, `DATA_ID`, `DATA_NAME`, `ELEMENT_TYPE`, `ELEMENT_NAME`, `ELEMENT_DETAIL`, `VALUE_TYPE`, `DESC`, `EXTRA`, `CREATE_USER`, `UPDATE_USER`, `CREATE_TIME`, `UPDATE_TIME`) VALUES ('491','WOODPECKER_SENSITIVE_PROMPT','啄木鸟敏感信息提示告警数','linuxPaasCodeCCScript','CodeCC代码检查任务','WOODPECKER_SENSITIVE','INT','啄木鸟敏感信息提示告警数','ALL','admin','admin','2019-12-14 23:27:11','2019-12-14 23:27:11');
INSERT IGNORE INTO `T_QUALITY_METADATA` (`ID`, `DATA_ID`, `DATA_NAME`, `ELEMENT_TYPE`, `ELEMENT_NAME`, `ELEMENT_DETAIL`, `VALUE_TYPE`, `DESC`, `EXTRA`, `CREATE_USER`, `UPDATE_USER`, `CREATE_TIME`, `UPDATE_TIME`) VALUES ('492','WOODPECKER_SENSITIVE_SERIOUS','啄木鸟敏感信息严重告警数','linuxPaasCodeCCScript','CodeCC代码检查任务','WOODPECKER_SENSITIVE','INT','啄木鸟敏感信息严重告警数','ALL','admin','admin','2019-12-14 23:24:07','2019-12-14 23:24:07');
INSERT IGNORE INTO `T_QUALITY_METADATA` (`ID`, `DATA_ID`, `DATA_NAME`, `ELEMENT_TYPE`, `ELEMENT_NAME`, `ELEMENT_DETAIL`, `VALUE_TYPE`, `DESC`, `EXTRA`, `CREATE_USER`, `UPDATE_USER`, `CREATE_TIME`, `UPDATE_TIME`) VALUES ('600','DETEKT_NEW_SERIOUS','detekt接入后严重告警数','linuxPaasCodeCCScript','CodeCC代码检查任务','DETEKT','INT','detekt接入后严重告警数','KOTLIN','admin','admin','2019-12-14 23:24:07','2019-12-14 23:24:07');
INSERT IGNORE INTO `T_QUALITY_METADATA` (`ID`, `DATA_ID`, `DATA_NAME`, `ELEMENT_TYPE`, `ELEMENT_NAME`, `ELEMENT_DETAIL`, `VALUE_TYPE`, `DESC`, `EXTRA`, `CREATE_USER`, `UPDATE_USER`, `CREATE_TIME`, `UPDATE_TIME`) VALUES ('601', 'DETEKT_NEW_NORMAL', 'detekt接入后一般告警数', 'linuxPaasCodeCCScript', 'CodeCC代码检查任务', 'DETEKT', 'INT', 'detekt接入后一般告警数', 'KOTLIN', 'admin', 'admin', '2019-04-03 09:59:40', '2019-04-03 10:02:12');
INSERT IGNORE INTO `T_QUALITY_METADATA` (`ID`, `DATA_ID`, `DATA_NAME`, `ELEMENT_TYPE`, `ELEMENT_NAME`, `ELEMENT_DETAIL`, `VALUE_TYPE`, `DESC`, `EXTRA`, `CREATE_USER`, `UPDATE_USER`, `CREATE_TIME`, `UPDATE_TIME`) VALUES ('602', 'DETEKT_NEW_PROMPT', 'detekt接入后提示告警数', 'linuxPaasCodeCCScript', 'CodeCC代码检查任务', 'DETEKT', 'INT', 'detekt接入后提示告警数', 'KOTLIN', 'admin', 'admin', '2019-04-03 09:56:30', '2019-04-03 09:59:06');
INSERT IGNORE INTO `T_QUALITY_METADATA` (`ID`, `DATA_ID`, `DATA_NAME`, `ELEMENT_TYPE`, `ELEMENT_NAME`, `ELEMENT_DETAIL`, `VALUE_TYPE`, `DESC`, `EXTRA`, `CREATE_USER`, `UPDATE_USER`, `CREATE_TIME`, `UPDATE_TIME`) VALUES ('603', 'DETEKT_HISTORY_SERIOUS', 'detekt接入前严重告警数', 'linuxPaasCodeCCScript', 'CodeCC代码检查任务', 'DETEKT', 'INT', 'detekt接入前严重告警数', 'KOTLIN', 'admin', 'admin', '2019-04-03 09:53:20', '2019-04-03 09:56:00');
INSERT IGNORE INTO `T_QUALITY_METADATA` (`ID`, `DATA_ID`, `DATA_NAME`, `ELEMENT_TYPE`, `ELEMENT_NAME`, `ELEMENT_DETAIL`, `VALUE_TYPE`, `DESC`, `EXTRA`, `CREATE_USER`, `UPDATE_USER`, `CREATE_TIME`, `UPDATE_TIME`) VALUES ('604', 'DETEKT_HISTORY_NORMAL', 'detekt接入前一般告警数', 'linuxPaasCodeCCScript', 'CodeCC代码检查任务', 'DETEKT', 'INT', 'detekt接入前一般告警数', 'KOTLIN', 'admin', 'admin', '2019-04-03 09:50:10', '2019-04-03 09:52:54');
INSERT IGNORE INTO `T_QUALITY_METADATA` (`ID`, `DATA_ID`, `DATA_NAME`, `ELEMENT_TYPE`, `ELEMENT_NAME`, `ELEMENT_DETAIL`, `VALUE_TYPE`, `DESC`, `EXTRA`, `CREATE_USER`, `UPDATE_USER`, `CREATE_TIME`, `UPDATE_TIME`) VALUES ('605', 'DETEKT_HISTORY_PROMPT', 'detekt接入前提示告警数', 'linuxPaasCodeCCScript', 'CodeCC代码检查任务', 'DETEKT', 'INT', 'detekt接入前提示告警数', 'KOTLIN', 'admin', 'admin', '2019-04-03 09:47:00', '2019-04-03 09:49:48');


-- 创建模板
REPLACE INTO `T_QUALITY_RULE_TEMPLATE` (`ID`, `NAME`, `TYPE`, `DESC`, `STAGE`, `CONTROL_POINT`, `CONTROL_POINT_POSITION`, `CREATE_USER`, `UPDATE_USER`, `CREATE_TIME`, `UPDATE_TIME`, `ENABLE`) values('2','日常构建','TEMPLATE','用于控制日常构建的告警数','开发','CodeCCCheckAtom','AFTER','admin','admin','2019-04-10 10:56:57','2019-04-10 11:03:51',b'1');
REPLACE INTO `T_QUALITY_RULE_TEMPLATE` (`ID`, `NAME`, `TYPE`, `DESC`, `STAGE`, `CONTROL_POINT`, `CONTROL_POINT_POSITION`, `CREATE_USER`, `UPDATE_USER`, `CREATE_TIME`, `UPDATE_TIME`, `ENABLE`) values('3','版本转测','TEMPLATE','用于版本转测时的质量控制','部署测试环境','CodeCCCheckAtom','AFTER','admin','admin','2019-04-10 10:58:12','2019-04-10 11:03:52',b'1');
REPLACE INTO `T_QUALITY_RULE_TEMPLATE` (`ID`, `NAME`, `TYPE`, `DESC`, `STAGE`, `CONTROL_POINT`, `CONTROL_POINT_POSITION`, `CREATE_USER`, `UPDATE_USER`, `CREATE_TIME`, `UPDATE_TIME`, `ENABLE`) values('4','发布上线','TEMPLATE','用于发布版本时的质量控制','部署正式环境','CodeCCCheckAtom','AFTER','admin','admin','2019-04-10 11:01:34','2019-04-10 11:43:06',b'1');
REPLACE INTO `T_QUALITY_RULE_TEMPLATE` (`ID`, `NAME`, `TYPE`, `DESC`, `STAGE`, `CONTROL_POINT`, `CONTROL_POINT_POSITION`, `CREATE_USER`, `UPDATE_USER`, `CREATE_TIME`, `UPDATE_TIME`, `ENABLE`) values('5','安全相关','INDICATOR_SET','包含Coverity安全规则包和敏感信息告警',NULL,NULL,NULL,'admin','admin','2019-04-10 11:42:27','2019-04-10 11:42:33','');
INSERT IGNORE INTO `T_QUALITY_RULE_TEMPLATE` (`ID`, `NAME`, `TYPE`, `DESC`, `STAGE`, `CONTROL_POINT`, `CONTROL_POINT_POSITION`, `CREATE_USER`, `UPDATE_USER`, `CREATE_TIME`, `UPDATE_TIME`, `ENABLE`) values('6','Java工具规范','INDICATOR_SET','CheckStyle工具规范',NULL,NULL,NULL,'admin','admin','2019-04-10 11:01:34','2019-04-10 11:43:06',b'1');


REPLACE INTO `T_QUALITY_TEMPLATE_INDICATOR_MAP` (`ID`, `TEMPLATE_ID`, `INDICATOR_ID`, `OPERATION`, `THRESHOLD`) values('15','2','1016','LE','0');
REPLACE INTO `T_QUALITY_TEMPLATE_INDICATOR_MAP` (`ID`, `TEMPLATE_ID`, `INDICATOR_ID`, `OPERATION`, `THRESHOLD`) values('16','2','1027','LE','0');
REPLACE INTO `T_QUALITY_TEMPLATE_INDICATOR_MAP` (`ID`, `TEMPLATE_ID`, `INDICATOR_ID`, `OPERATION`, `THRESHOLD`) values('17','2','1029','LE','0');
REPLACE INTO `T_QUALITY_TEMPLATE_INDICATOR_MAP` (`ID`, `TEMPLATE_ID`, `INDICATOR_ID`, `OPERATION`, `THRESHOLD`) values('42','2','1030','LE','0');
REPLACE INTO `T_QUALITY_TEMPLATE_INDICATOR_MAP` (`ID`, `TEMPLATE_ID`, `INDICATOR_ID`, `OPERATION`, `THRESHOLD`) values('43','2','1031','LE','0');
REPLACE INTO `T_QUALITY_TEMPLATE_INDICATOR_MAP` (`ID`, `TEMPLATE_ID`, `INDICATOR_ID`, `OPERATION`, `THRESHOLD`) values('44','3','1016','LE','0');
REPLACE INTO `T_QUALITY_TEMPLATE_INDICATOR_MAP` (`ID`, `TEMPLATE_ID`, `INDICATOR_ID`, `OPERATION`, `THRESHOLD`) values('45','3','1027','LE','0');
REPLACE INTO `T_QUALITY_TEMPLATE_INDICATOR_MAP` (`ID`, `TEMPLATE_ID`, `INDICATOR_ID`, `OPERATION`, `THRESHOLD`) values('46','3','1029','LE','0');
INSERT IGNORE INTO `T_QUALITY_TEMPLATE_INDICATOR_MAP` (`ID`, `TEMPLATE_ID`, `INDICATOR_ID`, `OPERATION`, `THRESHOLD`) values('47','6','1034','LE','0');
INSERT IGNORE INTO `T_QUALITY_TEMPLATE_INDICATOR_MAP` (`ID`, `TEMPLATE_ID`, `INDICATOR_ID`, `OPERATION`, `THRESHOLD`) values('48','6','1036','LE','10');
INSERT IGNORE INTO `T_QUALITY_TEMPLATE_INDICATOR_MAP` (`ID`, `TEMPLATE_ID`, `INDICATOR_ID`, `OPERATION`, `THRESHOLD`) values('49','3','1030','LE','0');
INSERT IGNORE INTO `T_QUALITY_TEMPLATE_INDICATOR_MAP` (`ID`, `TEMPLATE_ID`, `INDICATOR_ID`, `OPERATION`, `THRESHOLD`) values('50','3','1031','LE','0');
INSERT IGNORE INTO `T_QUALITY_TEMPLATE_INDICATOR_MAP` (`ID`, `TEMPLATE_ID`, `INDICATOR_ID`, `OPERATION`, `THRESHOLD`) values('51','4','1016','LE','0');
INSERT IGNORE INTO `T_QUALITY_TEMPLATE_INDICATOR_MAP` (`ID`, `TEMPLATE_ID`, `INDICATOR_ID`, `OPERATION`, `THRESHOLD`) values('52','4','1027','LE','0');
INSERT IGNORE INTO `T_QUALITY_TEMPLATE_INDICATOR_MAP` (`ID`, `TEMPLATE_ID`, `INDICATOR_ID`, `OPERATION`, `THRESHOLD`) values('53','4','1029','LE','0');
INSERT IGNORE INTO `T_QUALITY_TEMPLATE_INDICATOR_MAP` (`ID`, `TEMPLATE_ID`, `INDICATOR_ID`, `OPERATION`, `THRESHOLD`) values('54','4','1030','LE','0');
INSERT IGNORE INTO `T_QUALITY_TEMPLATE_INDICATOR_MAP` (`ID`, `TEMPLATE_ID`, `INDICATOR_ID`, `OPERATION`, `THRESHOLD`) values('55','4','1031','LE','0');
INSERT IGNORE INTO `T_QUALITY_TEMPLATE_INDICATOR_MAP` (`ID`, `TEMPLATE_ID`, `INDICATOR_ID`, `OPERATION`, `THRESHOLD`) values('56','5','1016','LE','0');
INSERT IGNORE INTO `T_QUALITY_TEMPLATE_INDICATOR_MAP` (`ID`, `TEMPLATE_ID`, `INDICATOR_ID`, `OPERATION`, `THRESHOLD`) values('57','5','1027','LE','0');
INSERT IGNORE INTO `T_QUALITY_TEMPLATE_INDICATOR_MAP` (`ID`, `TEMPLATE_ID`, `INDICATOR_ID`, `OPERATION`, `THRESHOLD`) values('58','5','1029','LE','0');
INSERT IGNORE INTO `T_QUALITY_TEMPLATE_INDICATOR_MAP` (`ID`, `TEMPLATE_ID`, `INDICATOR_ID`, `OPERATION`, `THRESHOLD`) values('59','5','1030','LE','0');
INSERT IGNORE INTO `T_QUALITY_TEMPLATE_INDICATOR_MAP` (`ID`, `TEMPLATE_ID`, `INDICATOR_ID`, `OPERATION`, `THRESHOLD`) values('60','5','1031','LE','0');