use devops_ci_auth;
SET NAMES utf8mb4;

-- 内置组权限初始化
REPLACE INTO  `T_AUTH_GROUP_PERSSION` (`ID`, `AUTH_ACTION`, `GROUP_CODE`, `CREATE_USER`, `UPDATE_USER`, `CREATE_TIME`, `UPDATE_TIME`) VALUES  ("4c36a72256d948429a97e3af2db30de2","project_view","ciAdmin","system",'',"2020-06-25 17:13:58",NULL);
REPLACE INTO  `T_AUTH_GROUP_PERSSION` (`ID`, `AUTH_ACTION`, `GROUP_CODE`, `CREATE_USER`, `UPDATE_USER`, `CREATE_TIME`, `UPDATE_TIME`) VALUES  ("f1c02514904a4d838448cf3966a80766","project_create","ciAdmin","system",'',"2020-06-25 17:13:58",NULL);
REPLACE INTO  `T_AUTH_GROUP_PERSSION` (`ID`, `AUTH_ACTION`, `GROUP_CODE`, `CREATE_USER`, `UPDATE_USER`, `CREATE_TIME`, `UPDATE_TIME`) VALUES  ("2cd11ebbaa704d049120471eee4a0056","project_edit","ciAdmin","system",'',"2020-06-25 17:13:58",NULL);
REPLACE INTO  `T_AUTH_GROUP_PERSSION` (`ID`, `AUTH_ACTION`, `GROUP_CODE`, `CREATE_USER`, `UPDATE_USER`, `CREATE_TIME`, `UPDATE_TIME`) VALUES  ("bc329e44b9164e41b4a3bb4e639e628d","project_delete","ciAdmin","system",'',"2020-06-25 17:13:58",NULL);
REPLACE INTO  `T_AUTH_GROUP_PERSSION` (`ID`, `AUTH_ACTION`, `GROUP_CODE`, `CREATE_USER`, `UPDATE_USER`, `CREATE_TIME`, `UPDATE_TIME`) VALUES  ("92ed7dff747446e8aec46cc9a780844e","project_manage","ciAdmin","system",'',"2020-06-25 17:13:58",NULL);
REPLACE INTO  `T_AUTH_GROUP_PERSSION` (`ID`, `AUTH_ACTION`, `GROUP_CODE`, `CREATE_USER`, `UPDATE_USER`, `CREATE_TIME`, `UPDATE_TIME`) VALUES  ("9afd78a150e742db8b92cc8a10f00212","pipeline_view","ciAdmin","system",'',"2020-06-25 17:13:58",NULL);
REPLACE INTO  `T_AUTH_GROUP_PERSSION` (`ID`, `AUTH_ACTION`, `GROUP_CODE`, `CREATE_USER`, `UPDATE_USER`, `CREATE_TIME`, `UPDATE_TIME`) VALUES  ("d2ca3168f997441889292071b18b98a1","pipeline_edit","ciAdmin","system",'',"2020-06-25 17:13:58",NULL);
REPLACE INTO  `T_AUTH_GROUP_PERSSION` (`ID`, `AUTH_ACTION`, `GROUP_CODE`, `CREATE_USER`, `UPDATE_USER`, `CREATE_TIME`, `UPDATE_TIME`) VALUES  ("666392edd0a44833b7b48337e4569267","pipeline_create","ciAdmin","system",'',"2020-06-25 17:13:58",NULL);
REPLACE INTO  `T_AUTH_GROUP_PERSSION` (`ID`, `AUTH_ACTION`, `GROUP_CODE`, `CREATE_USER`, `UPDATE_USER`, `CREATE_TIME`, `UPDATE_TIME`) VALUES  ("b81608de171245178b7132a737df90d4","pipeline_download","ciAdmin","system",'',"2020-06-25 17:13:58",NULL);
REPLACE INTO  `T_AUTH_GROUP_PERSSION` (`ID`, `AUTH_ACTION`, `GROUP_CODE`, `CREATE_USER`, `UPDATE_USER`, `CREATE_TIME`, `UPDATE_TIME`) VALUES  ("e3cafd081eba42a7ba4b8e0bb75cb2ec","pipeline_delete","ciAdmin","system",'',"2020-06-25 17:13:58",NULL);
REPLACE INTO  `T_AUTH_GROUP_PERSSION` (`ID`, `AUTH_ACTION`, `GROUP_CODE`, `CREATE_USER`, `UPDATE_USER`, `CREATE_TIME`, `UPDATE_TIME`) VALUES  ("b05910a4393240639c38c1ea5a9cc9f3","pipeline_share","ciAdmin","system",'',"2020-06-25 17:13:58",NULL);
REPLACE INTO  `T_AUTH_GROUP_PERSSION` (`ID`, `AUTH_ACTION`, `GROUP_CODE`, `CREATE_USER`, `UPDATE_USER`, `CREATE_TIME`, `UPDATE_TIME`) VALUES  ("263e5a3a477a43409eda907da129f49a","pipeline_execute","ciAdmin","system",'',"2020-06-25 17:13:58",NULL);
REPLACE INTO  `T_AUTH_GROUP_PERSSION` (`ID`, `AUTH_ACTION`, `GROUP_CODE`, `CREATE_USER`, `UPDATE_USER`, `CREATE_TIME`, `UPDATE_TIME`) VALUES  ("f712d7cc0ea5409f8b50b0ca0f683ffa","repository_view","ciAdmin","system",'',"2020-06-25 17:13:58",NULL);
REPLACE INTO  `T_AUTH_GROUP_PERSSION` (`ID`, `AUTH_ACTION`, `GROUP_CODE`, `CREATE_USER`, `UPDATE_USER`, `CREATE_TIME`, `UPDATE_TIME`) VALUES  ("04f998f73e154d3b9f53d8b2124895f5","repository_edit","ciAdmin","system",'',"2020-06-25 17:13:58",NULL);
REPLACE INTO  `T_AUTH_GROUP_PERSSION` (`ID`, `AUTH_ACTION`, `GROUP_CODE`, `CREATE_USER`, `UPDATE_USER`, `CREATE_TIME`, `UPDATE_TIME`) VALUES  ("567e36852ce6445594b011c1a6db10a8","repository_create","ciAdmin","system",'',"2020-06-25 17:13:58",NULL);
REPLACE INTO  `T_AUTH_GROUP_PERSSION` (`ID`, `AUTH_ACTION`, `GROUP_CODE`, `CREATE_USER`, `UPDATE_USER`, `CREATE_TIME`, `UPDATE_TIME`) VALUES  ("cb1073a80c93478da4847626ad4bb9e7","repository_delete","ciAdmin","system",'',"2020-06-25 17:13:58",NULL);
REPLACE INTO  `T_AUTH_GROUP_PERSSION` (`ID`, `AUTH_ACTION`, `GROUP_CODE`, `CREATE_USER`, `UPDATE_USER`, `CREATE_TIME`, `UPDATE_TIME`) VALUES  ("d78848554bf84ca29c494c715d8b0db6","repository_use","ciAdmin","system",'',"2020-06-25 17:13:58",NULL);
REPLACE INTO  `T_AUTH_GROUP_PERSSION` (`ID`, `AUTH_ACTION`, `GROUP_CODE`, `CREATE_USER`, `UPDATE_USER`, `CREATE_TIME`, `UPDATE_TIME`) VALUES  ("37874321490a46fcaf9440c84e6ac387","credential_view","ciAdmin","system",'',"2020-06-25 17:13:58",NULL);
REPLACE INTO  `T_AUTH_GROUP_PERSSION` (`ID`, `AUTH_ACTION`, `GROUP_CODE`, `CREATE_USER`, `UPDATE_USER`, `CREATE_TIME`, `UPDATE_TIME`) VALUES  ("6f4d8072e5164f548af4c9600af7cf0c","credential_edit","ciAdmin","system",'',"2020-06-25 17:13:58",NULL);
REPLACE INTO  `T_AUTH_GROUP_PERSSION` (`ID`, `AUTH_ACTION`, `GROUP_CODE`, `CREATE_USER`, `UPDATE_USER`, `CREATE_TIME`, `UPDATE_TIME`) VALUES  ("6aecf1fe99f0454080f7f65f6568121d","credential_create","ciAdmin","system",'',"2020-06-25 17:13:58",NULL);
REPLACE INTO  `T_AUTH_GROUP_PERSSION` (`ID`, `AUTH_ACTION`, `GROUP_CODE`, `CREATE_USER`, `UPDATE_USER`, `CREATE_TIME`, `UPDATE_TIME`) VALUES  ("18476e40f7fb4d25a086317fdadc6e17","credential_delete","ciAdmin","system",'',"2020-06-25 17:13:58",NULL);
REPLACE INTO  `T_AUTH_GROUP_PERSSION` (`ID`, `AUTH_ACTION`, `GROUP_CODE`, `CREATE_USER`, `UPDATE_USER`, `CREATE_TIME`, `UPDATE_TIME`) VALUES  ("40ce7c43ca0c4aee937e23168302239e","credential_use","ciAdmin","system",'',"2020-06-25 17:13:58",NULL);
REPLACE INTO  `T_AUTH_GROUP_PERSSION` (`ID`, `AUTH_ACTION`, `GROUP_CODE`, `CREATE_USER`, `UPDATE_USER`, `CREATE_TIME`, `UPDATE_TIME`) VALUES  ("e82a54bb1c524b9bba10cb16c83a6365","environment_view","ciAdmin","system",'',"2020-06-25 17:13:58",NULL);
REPLACE INTO  `T_AUTH_GROUP_PERSSION` (`ID`, `AUTH_ACTION`, `GROUP_CODE`, `CREATE_USER`, `UPDATE_USER`, `CREATE_TIME`, `UPDATE_TIME`) VALUES  ("5bb762cc7aa44b2fb26afe4131b1242f","environment_edit","ciAdmin","system",'',"2020-06-25 17:13:58",NULL);
REPLACE INTO  `T_AUTH_GROUP_PERSSION` (`ID`, `AUTH_ACTION`, `GROUP_CODE`, `CREATE_USER`, `UPDATE_USER`, `CREATE_TIME`, `UPDATE_TIME`) VALUES  ("d3ee469b8c324e2ba8a15c03d5101e67","environment_create","ciAdmin","system",'',"2020-06-25 17:13:58",NULL);
REPLACE INTO  `T_AUTH_GROUP_PERSSION` (`ID`, `AUTH_ACTION`, `GROUP_CODE`, `CREATE_USER`, `UPDATE_USER`, `CREATE_TIME`, `UPDATE_TIME`) VALUES  ("ed99b3b3d4804213b69d6c147a1b06f9","environment_delete","ciAdmin","system",'',"2020-06-25 17:13:58",NULL);
REPLACE INTO  `T_AUTH_GROUP_PERSSION` (`ID`, `AUTH_ACTION`, `GROUP_CODE`, `CREATE_USER`, `UPDATE_USER`, `CREATE_TIME`, `UPDATE_TIME`) VALUES  ("ce50200212e04d0583ed3e5f2e9f01f3","environment_use","ciAdmin","system",'',"2020-06-25 17:13:58",NULL);
REPLACE INTO  `T_AUTH_GROUP_PERSSION` (`ID`, `AUTH_ACTION`, `GROUP_CODE`, `CREATE_USER`, `UPDATE_USER`, `CREATE_TIME`, `UPDATE_TIME`) VALUES  ("4536e49cd3bc493682b341c1c23ca660","node_view","ciAdmin","system",'',"2020-06-25 17:13:58",NULL);
REPLACE INTO  `T_AUTH_GROUP_PERSSION` (`ID`, `AUTH_ACTION`, `GROUP_CODE`, `CREATE_USER`, `UPDATE_USER`, `CREATE_TIME`, `UPDATE_TIME`) VALUES  ("fa11f19c60194763a60d7b70bc58adaf","node_edit","ciAdmin","system",'',"2020-06-25 17:13:58",NULL);
REPLACE INTO  `T_AUTH_GROUP_PERSSION` (`ID`, `AUTH_ACTION`, `GROUP_CODE`, `CREATE_USER`, `UPDATE_USER`, `CREATE_TIME`, `UPDATE_TIME`) VALUES  ("3ab6baa47c8f4aada46bf5272b700b71","node_create","ciAdmin","system",'',"2020-06-25 17:13:58",NULL);
REPLACE INTO  `T_AUTH_GROUP_PERSSION` (`ID`, `AUTH_ACTION`, `GROUP_CODE`, `CREATE_USER`, `UPDATE_USER`, `CREATE_TIME`, `UPDATE_TIME`) VALUES  ("aed4275ee6f948f9a6049ffa6da35593","node_delete","ciAdmin","system",'',"2020-06-25 17:13:58",NULL);
REPLACE INTO  `T_AUTH_GROUP_PERSSION` (`ID`, `AUTH_ACTION`, `GROUP_CODE`, `CREATE_USER`, `UPDATE_USER`, `CREATE_TIME`, `UPDATE_TIME`) VALUES  ("1bc8bc33341149f78a049e1a43c99f20","node_use","ciAdmin","system",'',"2020-06-25 17:13:58",NULL);

REPLACE INTO  T_AUTH_RESOURCE_TYPE (RESOURCE_TYPE, NAME, ENGLISH_NAME, `DESC`, ENGLISH_DESC, PARENT, `SYSTEM`, CREATE_USER, UPDATE_USER, `DELETE`) VALUES 
        ('project', 'Project', 'Project', 'Project', 'Project', 'project', 'bk_ci_rbac', 'system', null, 0),
        ('pipeline', 'Pipeline', 'Pipeline', 'Pipeline', 'Pipeline', 'project', 'bk_ci_rbac', 'system', null, 0),
        ('pipeline_group', 'Pipeline Group', 'Pipeline Group', 'Pipeline Group', 'Pipeline Group', 'project', 'bk_ci_rbac', 'system', null, 0),
        ('repertory', 'Repository', 'Repository', 'Repository', 'Repository', 'project', 'bk_ci_rbac', 'system', null, 0),
        ('credential', 'Credential', 'Credential', 'Credential', 'Credential', 'project', 'bk_ci_rbac', 'system', null, 0),
        ('cert', 'Cert', 'Cert', 'Cert', 'Cert', 'project', 'bk_ci_rbac', 'system', null, 0),
        ('environment', 'Environment', 'Environment', 'Environment', 'Environment', 'project', 'bk_ci_rbac', 'system', null, 0),
        ('env_node', 'Node', 'Node', 'Node', 'Node', 'project', 'bk_ci_rbac', 'system', null, 0),
        ('experience_task', 'Experience Task', 'Experience Task', 'Experience Task', 'Experience Task', 'project', 'bk_ci_rbac', 'system', null, 0),
        ('experience_group', 'Experience Group', 'Experience Group', 'Experience Group', 'Experience Group', 'project', 'bk_ci_rbac', 'system', null, 0),
        ('rule', 'Quality Rule', 'Quality Rule', 'Quality Rule', 'Quality Rule', 'project', 'bk_ci_rbac', 'system', null, 0),
        ('quality_group', 'Quality Notice Group', 'Quality Notice Group', 'Quality Notice Group', 'Quality Notice Group', 'project', 'bk_ci_rbac', 'system', null, 0),
        ('codecc_rule_set', 'Codecc Rule Set', 'Codecc Rule Set', 'Codecc Rule Set', 'Codecc Rule Set', 'project', 'bk_ci_rbac', 'system', null, 0),
        ('codecc_task', 'Codecc Task', 'Codecc Task', 'Codecc Task', 'Codecc Task', 'project', 'bk_ci_rbac', 'system',null, 0),
        ('codecc_ignore_type', 'Codecc Ignore Type', 'Codecc Ignore Type', 'Codecc Ignore Type', 'Codecc Ignore Type', 'project', 'bk_ci_rbac', 'system',null, 0);
REPLACE INTO  T_AUTH_ACTION(`ACTION`, RESOURCE_TYPE, RELATED_RESOURCE_TYPE, ACTION_NAME, ENGLISH_NAME, CREATE_USER, `DELETE`, ACTION_TYPE) VALUES
        ('project_visit', 'project', 'project', 'Project Visit', 'Project Visit', 'system', 0, 'view'),
        ('project_view', 'project', 'project', 'Project View', 'Project View', 'system', 0, 'view'),
        ('project_edit', 'project', 'project', 'Project Edit', 'Project Edit', 'system', 0, 'edit'),
        ('project_enable', 'project', 'project', 'Project Enable', 'Project Enable', 'system', 0, 'edit'),
        ('project_list', 'project', 'project', 'Project List', 'Project List', 'system', 0, 'view'),
        ('project_manage', 'project', 'project', 'Project Manage', 'Project Manage', 'system', 0, 'edit'),

        ('pipeline_view', 'pipeline', 'pipeline', 'Pipeline View', 'Pipeline View', 'system', 0, 'view'),
        ('pipeline_edit', 'pipeline', 'pipeline', 'Pipeline Edit', 'Pipeline Edit', 'system', 0, 'edit'),
        ('pipeline_delete', 'pipeline', 'pipeline', 'Pipeline Delete', 'Pipeline Delete', 'system', 0, 'delete'),
        ('pipeline_create', 'pipeline',  'project', 'Pipeline Create', 'Pipeline Create', 'system', 0, 'create'),
        ('pipeline_execute', 'pipeline', 'pipeline', 'Pipeline Execute', 'Pipeline Execute', 'system', 0, 'execute'),
        ('pipeline_download', 'pipeline', 'pipeline', 'Pipeline Download', 'Pipeline Download', 'system', 0, 'execute'),
        ('pipeline_share', 'pipeline', 'pipeline', 'Pipeline Share', 'Pipeline Share', 'system', 0, 'execute'),
        ('pipeline_list', 'pipeline', 'pipeline', 'Pipeline List', 'Pipeline List', 'system', 0, 'view'),
        ('pipeline_manage', 'pipeline', 'pipeline', 'Pipeline Manage', 'Pipeline Manage', 'system', 0, 'edit'),

        ('codecc_task_analyze', 'codecc_task', 'codecc_task', 'CodeCC Task Analyze', 'CodeCC Task Analyze', 'system', 0, 'execute'),
        ('codecc_task_manage-defect', 'codecc_task', 'codecc_task', 'CodeCC Task Manage Defect', 'CodeCC Task Manage Defect', 'system', 0, 'edit'),
        ('codecc_task_view-defect', 'codecc_task', 'codecc_task', 'CodeCC Defect Detail View', 'CodeCC Defect Detail View', 'system', 0, 'view'),
        ('codecc_task_view-report', 'codecc_task', 'codecc_task', 'CodeCC Task Report View', 'CodeCC Task Report View', 'system', 0, 'view'),
        ('codecc_task_create', 'codecc_task', 'project', 'CodeCC Task Create', 'CodeCC Task Create', 'system', 0, 'create'),
        ('codecc_task_list', 'codecc_task', 'project', 'CodeCC Task List', 'CodeCC Task List', 'system', 0, 'view'),
        ('codecc_task_setting', 'codecc_task', 'codecc_task', 'CodeCC Task Setting', 'CodeCC Task Setting', 'system', 0, 'edit'),
        ('codecc_task_manage', 'codecc_task', 'codecc_task', 'CodeCC Task Manage', 'CodeCC Task Manage', 'system', 0, 'edit'),

        ('codecc_rule_set_create', 'codecc_rule_set', 'project', 'CodeCC Rule Set Create', 'CodeCC Rule Set Create', 'system', 0, 'create'),
        ('codecc_rule_set_list', 'codecc_rule_set', 'project', 'CodeCC Rule Set List', 'CodeCC Rule Set List', 'system', 0, 'view'),

        ('codecc_ignore_type_manage', 'codecc_ignore_type', 'project', 'CodeCC Ignore Type Manage', 'CodeCC Ignore Type Manage', 'system', 0, 'edit'),

        ('repertory_create', 'repertory', 'project', 'Repository Create', 'Repository Create', 'system', 0, 'create'),
        ('repertory_view', 'repertory', 'repertory', 'Repository View', 'Repository View', 'system', 0, 'view'),
        ('repertory_edit', 'repertory', 'repertory', 'Repository Edit', 'Repository Edit', 'system', 0, 'edit'),
        ('repertory_delete', 'repertory', 'repertory', 'Repository Delete', 'Repository Delete', 'system', 0, 'delete'),
        ('repertory_use', 'repertory', 'repertory', 'Repository Use', 'Repository Use', 'system', 0, 'execute'),
        ('repertory_list', 'repertory', 'repertory', 'Repository List', 'Repository List', 'system', 0, 'view'),

        ('credential_view', 'credential', 'credential', 'Credential View', 'Credential View', 'system', 0, 'view'),
        ('credential_edit', 'credential', 'credential', 'Credential Edit', 'Credential Edit', 'system', 0, 'edit'),
        ('credential_create', 'credential', 'project', 'Credential Create', 'Credential Create', 'system', 0, 'create'),
        ('credential_delete', 'credential', 'credential', 'Credential Delete', 'Credential Delete', 'system', 0, 'delete'),
        ('credential_use', 'credential', 'credential', 'Credential Use', 'Credential Use', 'system', 0, 'execute'),
        ('credential_list', 'credential', 'credential', 'Credential List', 'Credential List', 'system', 0, 'view'),

        ('cert_view', 'cert', 'cert', 'Cert View', 'Cert View', 'system', 0, 'view'),
        ('cert_edit', 'cert', 'cert', 'Cert Edit', 'Cert Edit', 'system', 0, 'edit'),
        ('cert_create', 'cert', 'project', 'Cert Create', 'Cert Create', 'system', 0, 'create'),
        ('cert_delete', 'cert', 'cert', 'Cert Delete', 'Cert Delete', 'system', 0, 'delete'),
        ('cert_use', 'cert', 'cert', 'Cert Use', 'Cert Use', 'system', 0, 'execute'),
        ('cert_list', 'cert', 'cert', 'Cert List', 'Cert List', 'system', 0, 'view'),

        ('environment_view', 'environment', 'environment', 'Environment View', 'Environment View', 'system', 0, 'view'),
        ('environment_edit', 'environment', 'environment', 'Environment Edit', 'Environment Edit', 'system', 0, 'edit'),
        ('environment_create', 'environment', 'project', 'Environment Create', 'Environment Create', 'system', 0, 'create'),
        ('environment_delete', 'environment', 'environment', 'Environment Delete', 'Environment Delete', 'system', 0, 'delete'),
        ('environment_use', 'environment', 'environment', 'Environment Use', 'Environment Use', 'system', 0, 'execute'),
        ('environment_list', 'environment', 'environment', 'Environment List', 'Environment List', 'system', 0, 'view'),

        ('env_node_view', 'env_node', 'env_node', 'Node View', 'Node View', 'system', 0, 'view'),
        ('env_node_edit', 'env_node', 'env_node', 'Node Edit', 'Node Edit', 'system', 0, 'edit'),
        ('env_node_create', 'env_node', 'project', 'Node Create', 'Node Create', 'system', 0, 'create'),
        ('env_node_delete', 'env_node', 'env_node', 'Node Delete', 'Node Delete', 'system', 0, 'delete'),
        ('env_node_use', 'env_node', 'env_node', 'Node Use', 'Node Use', 'system', 0, 'execute'),
        ('env_node_list', 'env_node', 'env_node', 'Node List', 'Node List', 'system', 0, 'view'),

        ('experience_task_list', 'experience_task', 'experience_task','Experience Task List', 'Experience Task List', 'system', 0, 'view'),
        ('experience_task_create', 'experience_task', 'project' , 'Experience Task Create', 'Experience Task Create', 'system', 0, 'create'),
        ('experience_task_view', 'experience_task', 'experience_task' , 'Experience Task View', 'Experience Task View', 'system', 0, 'view'),
        ('experience_task_delete', 'experience_task', 'experience_task' , 'Experience Task Delete', 'Experience Task Delete', 'system', 0, 'delete'),
        ('experience_task_edit', 'experience_task', 'experience_task' , 'Experience Task Edit', 'Experience Task Edit', 'system', 0, 'edit'),

        ('experience_group_list', 'experience_group', 'experience_group', 'Experience Group List', 'Experience Group List', 'system', 0, 'view'),
        ('experience_group_create', 'experience_group', 'project', 'Experience Group Create', 'Experience Group Create', 'system', 0, 'create'),
        ('experience_group_view', 'experience_group', 'experience_group', 'Experience Group View', 'Experience Group View', 'system', 0, 'view'),
        ('experience_group_delete', 'experience_group', 'experience_group', 'Experience Group Delete', 'Experience Group Delete', 'system', 0, 'delete'),
        ('experience_group_edit', 'experience_group', 'experience_group', 'Experience Group Edit', 'Experience Group Edit', 'system', 0, 'edit'),

        ('rule_edit', 'rule', 'rule', 'Quality Rule Edit', 'Quality Rule Edit', 'system', 0, 'edit'),
        ('rule_create', 'rule', 'project', 'Quality Rule Create', 'Quality Rule Create', 'system', 0, 'create'),
        ('rule_delete', 'rule', 'rule', 'Quality Rule Delete', 'Quality Rule Delete', 'system', 0, 'delete'),
        ('rule_enable', 'rule', 'rule', 'Quality Rule Enable', 'Quality Rule Enable', 'system', 0, 'execute'),
        ('rule_list', 'rule', 'project', 'Quality Rule List', 'Quality Rule List', 'system', 0, 'view'),

        ('quality_group_edit', 'quality_group', 'quality_group', 'Quality Notice Group Edit', 'Quality Notice Group Edit', 'system', 0, 'edit'),
        ('quality_group_create', 'quality_group', 'project', 'Quality Notice Group Create', 'Quality Notice Group Create', 'system', 0, 'create'),
        ('quality_group_delete', 'quality_group', 'quality_group', 'Quality Notice Group Delete', 'Quality Notice Group Delete', 'system', 0, 'delete'),
        ('quality_group_list', 'quality_group', 'project', 'Quality Notice Group List', 'Quality Notice Group List', 'system', 0, 'view');

REPLACE INTO T_AUTH_RESOURCE_GROUP_CONFIG(`RESOURCE_TYPE`, `GROUP_CODE`, `GROUP_NAME`, `CREATE_MODE`, `DESCRIPTION`, `AUTHORIZATION_SCOPES`, `ACTIONS`) values("credential", "manager", "owner", 0, 'The credentials owner has all the operation permissions of the current credential', '[{\"system\":\"#system#\",\"actions\":[{\"id\":\"project_visit\"}],\"resources\":[{\"system\":\"#system#\",\"type\":\"project\",\"paths\":[[{\"system\":\"#system#\",\"type\":\"project\",\"id\":\"#projectId#\",\"name\":\"#projectName#\"}]]}]},{\"system\":\"#system#\",\"actions\":[{\"id\":\"credential_view\"},{\"id\":\"credential_edit\"},{\"id\":\"credential_delete\"},{\"id\":\"credential_list\"},{\"id\":\"credential_use\"}],\"resources\":[{\"system\":\"#system#\",\"type\":\"credential\",\"paths\":[[{\"system\":\"#system#\",\"type\":\"project\",\"id\":\"#projectId#\",\"name\":\"#projectName#\"},{\"system\":\"#system#\",\"type\":\"credential\",\"id\":\"#resourceCode#\",\"name\":\"#resourceName#\"}]]}]}]', '[\"credential_view\",\"credential_edit\",\"credential_delete\",\"credential_list\",\"credential_use\"]');
REPLACE INTO T_AUTH_RESOURCE_GROUP_CONFIG(`RESOURCE_TYPE`, `GROUP_CODE`, `GROUP_NAME`, `CREATE_MODE`, `DESCRIPTION`, `AUTHORIZATION_SCOPES`, `ACTIONS`) values("credential", "user", "user", 0, 'Credential consumer, can use this credential in the pipeline', '[{\"system\":\"#system#\",\"actions\":[{\"id\":\"project_visit\"}],\"resources\":[{\"system\":\"#system#\",\"type\":\"project\",\"paths\":[[{\"system\":\"#system#\",\"type\":\"project\",\"id\":\"#projectId#\",\"name\":\"#projectName#\"}]]}]},{\"system\":\"#system#\",\"actions\":[{\"id\":\"credential_view\"},{\"id\":\"credential_list\"},{\"id\":\"credential_use\"}],\"resources\":[{\"system\":\"#system#\",\"type\":\"credential\",\"paths\":[[{\"system\":\"#system#\",\"type\":\"project\",\"id\":\"#projectId#\",\"name\":\"#projectName#\"},{\"system\":\"#system#\",\"type\":\"credential\",\"id\":\"#resourceCode#\",\"name\":\"#resourceName#\"}]]}]}]', '[\"credential_view\",\"credential_list\",\"credential_use\"]');
REPLACE INTO T_AUTH_RESOURCE_GROUP_CONFIG(`RESOURCE_TYPE`, `GROUP_CODE`, `GROUP_NAME`, `CREATE_MODE`, `DESCRIPTION`, `AUTHORIZATION_SCOPES`, `ACTIONS`) values("cert", "manager", "owner", 0, 'The certificate owner has all the operation permissions of the current certificate', '[{\"system\":\"#system#\",\"actions\":[{\"id\":\"project_visit\"}],\"resources\":[{\"system\":\"#system#\",\"type\":\"project\",\"paths\":[[{\"system\":\"#system#\",\"type\":\"project\",\"id\":\"#projectId#\",\"name\":\"#projectName#\"}]]}]},{\"system\":\"#system#\",\"actions\":[{\"id\":\"cert_view\"},{\"id\":\"cert_edit\"},{\"id\":\"cert_delete\"},{\"id\":\"cert_list\"},{\"id\":\"cert_use\"}],\"resources\":[{\"system\":\"#system#\",\"type\":\"cert\",\"paths\":[[{\"system\":\"#system#\",\"type\":\"project\",\"id\":\"#projectId#\",\"name\":\"#projectName#\"},{\"system\":\"#system#\",\"type\":\"cert\",\"id\":\"#resourceCode#\",\"name\":\"#resourceName#\"}]]}]}]', '[\"cert_view\",\"cert_edit\",\"cert_delete\",\"cert_list\",\"cert_use\"]');
REPLACE INTO T_AUTH_RESOURCE_GROUP_CONFIG(`RESOURCE_TYPE`, `GROUP_CODE`, `GROUP_NAME`, `CREATE_MODE`, `DESCRIPTION`, `AUTHORIZATION_SCOPES`, `ACTIONS`) values("cert", "user", "user", 0, 'Certificate consumer, can use this certificate in the pipeline', '[{\"system\":\"#system#\",\"actions\":[{\"id\":\"project_visit\"}],\"resources\":[{\"system\":\"#system#\",\"type\":\"project\",\"paths\":[[{\"system\":\"#system#\",\"type\":\"project\",\"id\":\"#projectId#\",\"name\":\"#projectName#\"}]]}]},{\"system\":\"#system#\",\"actions\":[{\"id\":\"cert_view\"},{\"id\":\"cert_list\"},{\"id\":\"cert_use\"}],\"resources\":[{\"system\":\"#system#\",\"type\":\"cert\",\"paths\":[[{\"system\":\"#system#\",\"type\":\"project\",\"id\":\"#projectId#\",\"name\":\"#projectName#\"},{\"system\":\"#system#\",\"type\":\"cert\",\"id\":\"#resourceCode#\",\"name\":\"#resourceName#\"}]]}]}]', '[\"cert_view\",\"cert_list\",\"cert_use\"]');
REPLACE INTO T_AUTH_RESOURCE_GROUP_CONFIG(`RESOURCE_TYPE`, `GROUP_CODE`, `GROUP_NAME`, `CREATE_MODE`, `DESCRIPTION`, `AUTHORIZATION_SCOPES`, `ACTIONS`) values("repertory", "manager", "owner", 0, 'The repository owner has all the operation permissions of the current repository', '[{\"system\":\"#system#\",\"actions\":[{\"id\":\"project_visit\"}],\"resources\":[{\"system\":\"#system#\",\"type\":\"project\",\"paths\":[[{\"system\":\"#system#\",\"type\":\"project\",\"id\":\"#projectId#\",\"name\":\"#projectName#\"}]]}]},{\"system\":\"#system#\",\"actions\":[{\"id\":\"repertory_view\"},{\"id\":\"repertory_edit\"},{\"id\":\"repertory_delete\"},{\"id\":\"repertory_list\"},{\"id\":\"repertory_use\"}],\"resources\":[{\"system\":\"#system#\",\"type\":\"repertory\",\"paths\":[[{\"system\":\"#system#\",\"type\":\"project\",\"id\":\"#projectId#\",\"name\":\"#projectName#\"},{\"system\":\"#system#\",\"type\":\"repertory\",\"id\":\"#resourceCode#\",\"name\":\"#resourceName#\"}]]}]}]', '[\"repertory_view\",\"repertory_edit\",\"repertory_delete\",\"repertory_list\",\"repertory_use\"]');
REPLACE INTO T_AUTH_RESOURCE_GROUP_CONFIG(`RESOURCE_TYPE`, `GROUP_CODE`, `GROUP_NAME`, `CREATE_MODE`, `DESCRIPTION`, `AUTHORIZATION_SCOPES`, `ACTIONS`) values("repertory", "user", "user", 0, 'Repository consumer, can use this repository in the pipeline', '[{\"system\":\"#system#\",\"actions\":[{\"id\":\"project_visit\"}],\"resources\":[{\"system\":\"#system#\",\"type\":\"project\",\"paths\":[[{\"system\":\"#system#\",\"type\":\"project\",\"id\":\"#projectId#\",\"name\":\"#projectName#\"}]]}]},{\"system\":\"#system#\",\"actions\":[{\"id\":\"repertory_view\"},{\"id\":\"repertory_list\"},{\"id\":\"repertory_use\"}],\"resources\":[{\"system\":\"#system#\",\"type\":\"repertory\",\"paths\":[[{\"system\":\"#system#\",\"type\":\"project\",\"id\":\"#projectId#\",\"name\":\"#projectName#\"},{\"system\":\"#system#\",\"type\":\"repertory\",\"id\":\"#resourceCode#\",\"name\":\"#resourceName#\"}]]}]}]', '[\"repertory_view\",\"repertory_list\",\"repertory_use\"]');
REPLACE INTO T_AUTH_RESOURCE_GROUP_CONFIG(`RESOURCE_TYPE`, `GROUP_CODE`, `GROUP_NAME`, `CREATE_MODE`, `DESCRIPTION`, `AUTHORIZATION_SCOPES`, `ACTIONS`) values("environment", "manager", "owner", 0, 'The build env owner has all the operation permissions of the current build env', '[{\"system\":\"#system#\",\"actions\":[{\"id\":\"project_visit\"}],\"resources\":[{\"system\":\"#system#\",\"type\":\"project\",\"paths\":[[{\"system\":\"#system#\",\"type\":\"project\",\"id\":\"#projectId#\",\"name\":\"#projectName#\"}]]}]},{\"system\":\"#system#\",\"actions\":[{\"id\":\"environment_view\"},{\"id\":\"environment_edit\"},{\"id\":\"environment_delete\"},{\"id\":\"environment_list\"},{\"id\":\"environment_use\"}],\"resources\":[{\"system\":\"#system#\",\"type\":\"environment\",\"paths\":[[{\"system\":\"#system#\",\"type\":\"project\",\"id\":\"#projectId#\",\"name\":\"#projectName#\"},{\"system\":\"#system#\",\"type\":\"environment\",\"id\":\"#resourceCode#\",\"name\":\"#resourceName#\"}]]}]}]', '[\"environment_view\",\"environment_edit\",\"environment_delete\",\"environment_list\",\"environment_use\"]');
REPLACE INTO T_AUTH_RESOURCE_GROUP_CONFIG(`RESOURCE_TYPE`, `GROUP_CODE`, `GROUP_NAME`, `CREATE_MODE`, `DESCRIPTION`, `AUTHORIZATION_SCOPES`, `ACTIONS`) values("environment", "user", "user", 0, 'Build env consumer, can use this env in the pipeline', '[{\"system\":\"#system#\",\"actions\":[{\"id\":\"project_visit\"}],\"resources\":[{\"system\":\"#system#\",\"type\":\"project\",\"paths\":[[{\"system\":\"#system#\",\"type\":\"project\",\"id\":\"#projectId#\",\"name\":\"#projectName#\"}]]}]},{\"system\":\"#system#\",\"actions\":[{\"id\":\"environment_view\"},{\"id\":\"environment_list\"},{\"id\":\"environment_use\"}],\"resources\":[{\"system\":\"#system#\",\"type\":\"environment\",\"paths\":[[{\"system\":\"#system#\",\"type\":\"project\",\"id\":\"#projectId#\",\"name\":\"#projectName#\"},{\"system\":\"#system#\",\"type\":\"environment\",\"id\":\"#resourceCode#\",\"name\":\"#resourceName#\"}]]}]}]', '[\"environment_view\",\"environment_list\",\"environment_use\"]');
REPLACE INTO T_AUTH_RESOURCE_GROUP_CONFIG(`RESOURCE_TYPE`, `GROUP_CODE`, `GROUP_NAME`, `CREATE_MODE`, `DESCRIPTION`, `AUTHORIZATION_SCOPES`, `ACTIONS`) values("env_node", "manager", "owner", 0, 'The agent owner has all the operation permissions of the current agent', '[{\"system\":\"#system#\",\"actions\":[{\"id\":\"project_visit\"}],\"resources\":[{\"system\":\"#system#\",\"type\":\"project\",\"paths\":[[{\"system\":\"#system#\",\"type\":\"project\",\"id\":\"#projectId#\",\"name\":\"#projectName#\"}]]}]},{\"system\":\"#system#\",\"actions\":[{\"id\":\"env_node_view\"},{\"id\":\"env_node_edit\"},{\"id\":\"env_node_delete\"},{\"id\":\"env_node_list\"},{\"id\":\"env_node_use\"}],\"resources\":[{\"system\":\"#system#\",\"type\":\"env_node\",\"paths\":[[{\"system\":\"#system#\",\"type\":\"project\",\"id\":\"#projectId#\",\"name\":\"#projectName#\"},{\"system\":\"#system#\",\"type\":\"env_node\",\"id\":\"#resourceCode#\",\"name\":\"#resourceName#\"}]]}]}]', '[\"env_node_view\",\"env_node_edit\",\"env_node_delete\",\"env_node_list\",\"env_node_use\"]');
REPLACE INTO T_AUTH_RESOURCE_GROUP_CONFIG(`RESOURCE_TYPE`, `GROUP_CODE`, `GROUP_NAME`, `CREATE_MODE`, `DESCRIPTION`, `AUTHORIZATION_SCOPES`, `ACTIONS`) values("env_node", "user", "user", 0, 'Agent consumer, can use this agent in the pipeline' ,'[{\"system\":\"#system#\",\"actions\":[{\"id\":\"project_visit\"}],\"resources\":[{\"system\":\"#system#\",\"type\":\"project\",\"paths\":[[{\"system\":\"#system#\",\"type\":\"project\",\"id\":\"#projectId#\",\"name\":\"#projectName#\"}]]}]},{\"system\":\"#system#\",\"actions\":[{\"id\":\"env_node_view\"},{\"id\":\"env_node_list\"},{\"id\":\"env_node_use\"}],\"resources\":[{\"system\":\"#system#\",\"type\":\"env_node\",\"paths\":[[{\"system\":\"#system#\",\"type\":\"project\",\"id\":\"#projectId#\",\"name\":\"#projectName#\"},{\"system\":\"#system#\",\"type\":\"env_node\",\"id\":\"#resourceCode#\",\"name\":\"#resourceName#\"}]]}]}]', '[\"env_node_view\",\"env_node_list\",\"env_node_use\"]');
REPLACE INTO T_AUTH_RESOURCE_GROUP_CONFIG(`RESOURCE_TYPE`, `GROUP_CODE`, `GROUP_NAME`, `CREATE_MODE`, `DESCRIPTION`, `AUTHORIZATION_SCOPES`, `ACTIONS`) values("rule", "manager", "owner", 0, 'The quality rule owner has all the operation permissions of the current quality rule' , '[{\"system\":\"#system#\",\"actions\":[{\"id\":\"project_visit\"}],\"resources\":[{\"system\":\"#system#\",\"type\":\"project\",\"paths\":[[{\"system\":\"#system#\",\"type\":\"project\",\"id\":\"#projectId#\",\"name\":\"#projectName#\"}]]}]},{\"system\":\"#system#\",\"actions\":[{\"id\":\"rule_list\"}],\"resources\":[{\"system\":\"#system#\",\"type\":\"project\",\"paths\":[[{\"system\":\"#system#\",\"type\":\"project\",\"id\":\"#projectId#\",\"name\":\"#projectName#\"}]]}]},{\"system\":\"#system#\",\"actions\":[{\"id\":\"rule_edit\"},{\"id\":\"rule_delete\"},{\"id\":\"rule_enable\"}],\"resources\":[{\"system\":\"#system#\",\"type\":\"rule\",\"paths\":[[{\"system\":\"#system#\",\"type\":\"project\",\"id\":\"#projectId#\",\"name\":\"#projectName#\"},{\"system\":\"#system#\",\"type\":\"rule\",\"id\":\"#resourceCode#\",\"name\":\"#resourceName#\"}]]}]}]', '[\"rule_list\",\"rule_edit\",\"rule_delete\",\"rule_enable\"]');
REPLACE INTO T_AUTH_RESOURCE_GROUP_CONFIG(`RESOURCE_TYPE`, `GROUP_CODE`, `GROUP_NAME`, `CREATE_MODE`, `DESCRIPTION`, `AUTHORIZATION_SCOPES`, `ACTIONS`) values("quality_group", "manager", "owner", 0, 'The quality group owner has all the operation permissions of the quality group', '[{\"system\":\"#system#\",\"actions\":[{\"id\":\"project_visit\"}],\"resources\":[{\"system\":\"#system#\",\"type\":\"project\",\"paths\":[[{\"system\":\"#system#\",\"type\":\"project\",\"id\":\"#projectId#\",\"name\":\"#projectName#\"}]]}]},{\"system\":\"#system#\",\"actions\":[{\"id\":\"quality_group_list\"}],\"resources\":[{\"system\":\"#system#\",\"type\":\"project\",\"paths\":[[{\"system\":\"#system#\",\"type\":\"project\",\"id\":\"#projectId#\",\"name\":\"#projectName#\"}]]}]},{\"system\":\"#system#\",\"actions\":[{\"id\":\"quality_group_edit\"},{\"id\":\"quality_group_delete\"}],\"resources\":[{\"system\":\"#system#\",\"type\":\"quality_group\",\"paths\":[[{\"system\":\"#system#\",\"type\":\"project\",\"id\":\"#projectId#\",\"name\":\"#projectName#\"},{\"system\":\"#system#\",\"type\":\"quality_group\",\"id\":\"#resourceCode#\",\"name\":\"#resourceName#\"}]]}]}]', '[\"quality_group_list\",\"quality_group_edit\",\"quality_group_delete\"]');
REPLACE INTO T_AUTH_RESOURCE_GROUP_CONFIG(`RESOURCE_TYPE`, `GROUP_CODE`, `GROUP_NAME`, `CREATE_MODE`, `DESCRIPTION`, `AUTHORIZATION_SCOPES`, `ACTIONS`) values("experience_task", "manager", "owner", 0, 'The version experience owner has all the operation permissions of the current version experience', '[{\"system\":\"#system#\",\"actions\":[{\"id\":\"project_visit\"}],\"resources\":[{\"system\":\"#system#\",\"type\":\"project\",\"paths\":[[{\"system\":\"#system#\",\"type\":\"project\",\"id\":\"#projectId#\",\"name\":\"#projectName#\"}]]}]},{\"system\":\"#system#\",\"actions\":[{\"id\":\"experience_task_view\"},{\"id\":\"experience_task_edit\"},{\"id\":\"experience_task_delete\"},{\"id\":\"experience_task_list\"}],\"resources\":[{\"system\":\"#system#\",\"type\":\"experience_task\",\"paths\":[[{\"system\":\"#system#\",\"type\":\"project\",\"id\":\"#projectId#\",\"name\":\"#projectName#\"},{\"system\":\"#system#\",\"type\":\"experience_task\",\"id\":\"#resourceCode#\",\"name\":\"#resourceName#\"}]]}]}]', '[\"experience_task_view\",\"experience_task_edit\",\"experience_task_delete\",\"experience_task_list\"]');
REPLACE INTO T_AUTH_RESOURCE_GROUP_CONFIG(`RESOURCE_TYPE`, `GROUP_CODE`, `GROUP_NAME`, `CREATE_MODE`, `DESCRIPTION`, `AUTHORIZATION_SCOPES`, `ACTIONS`) values("experience_group", "manager", "owner", 0, 'The version experience group owner has all the operation permissions of the current group', '[{\"system\":\"#system#\",\"actions\":[{\"id\":\"project_visit\"}],\"resources\":[{\"system\":\"#system#\",\"type\":\"project\",\"paths\":[[{\"system\":\"#system#\",\"type\":\"project\",\"id\":\"#projectId#\",\"name\":\"#projectName#\"}]]}]},{\"system\":\"#system#\",\"actions\":[{\"id\":\"experience_group_view\"},{\"id\":\"experience_group_edit\"},{\"id\":\"experience_group_delete\"},{\"id\":\"experience_group_list\"}],\"resources\":[{\"system\":\"#system#\",\"type\":\"experience_group\",\"paths\":[[{\"system\":\"#system#\",\"type\":\"project\",\"id\":\"#projectId#\",\"name\":\"#projectName#\"},{\"system\":\"#system#\",\"type\":\"experience_group\",\"id\":\"#resourceCode#\",\"name\":\"#resourceName#\"}]]}]}]', '[\"experience_group_view\",\"experience_group_edit\",\"experience_group_delete\",\"experience_group_list\"]');

REPLACE INTO T_AUTH_RESOURCE_GROUP_CONFIG(`RESOURCE_TYPE`, `GROUP_CODE`, `GROUP_NAME`, `CREATE_MODE`, `DESCRIPTION`, `AUTHORIZATION_SCOPES`, `ACTIONS`) values("pipeline", "manager", "owner", 0, 'Pipeline owner, who can manage the permissions of the current pipeline', '[{\"system\":\"#system#\",\"actions\":[{\"id\":\"project_visit\"}],\"resources\":[{\"system\":\"#system#\",\"type\":\"project\",\"paths\":[[{\"system\":\"#system#\",\"type\":\"project\",\"id\":\"#projectId#\",\"name\":\"#projectName#\"}]]}]},{\"system\":\"#system#\",\"actions\":[{\"id\":\"pipeline_view\"},{\"id\":\"pipeline_edit\"},{\"id\":\"pipeline_delete\"},{\"id\":\"pipeline_execute\"},{\"id\":\"pipeline_list\"},{\"id\":\"pipeline_download\"},{\"id\":\"pipeline_share\"},{\"id\":\"pipeline_manage\"}],\"resources\":[{\"system\":\"#system#\",\"type\":\"pipeline\",\"paths\":[[{\"system\":\"#system#\",\"type\":\"project\",\"id\":\"#projectId#\",\"name\":\"#projectName#\"},{\"system\":\"#system#\",\"type\":\"pipeline\",\"id\":\"#resourceCode#\",\"name\":\"#resourceName#\"}]]}]}]', '[\"pipeline_view\",\"pipeline_edit\",\"pipeline_delete\",\"pipeline_execute\",\"pipeline_list\",\"pipeline_download\",\"pipeline_share\",\"pipeline_manage\"]');
REPLACE INTO T_AUTH_RESOURCE_GROUP_CONFIG(`RESOURCE_TYPE`, `GROUP_CODE`, `GROUP_NAME`, `CREATE_MODE`, `DESCRIPTION`, `AUTHORIZATION_SCOPES`, `ACTIONS`) values("pipeline", "editor", "editor", 0, 'Pipeline editor, who has all the permissions of the current pipeline except permission management', '[{\"system\":\"#system#\",\"actions\":[{\"id\":\"project_visit\"}],\"resources\":[{\"system\":\"#system#\",\"type\":\"project\",\"paths\":[[{\"system\":\"#system#\",\"type\":\"project\",\"id\":\"#projectId#\",\"name\":\"#projectName#\"}]]}]},{\"system\":\"#system#\",\"actions\":[{\"id\":\"pipeline_view\"},{\"id\":\"pipeline_edit\"},{\"id\":\"pipeline_delete\"},{\"id\":\"pipeline_execute\"},{\"id\":\"pipeline_list\"},{\"id\":\"pipeline_download\"},{\"id\":\"pipeline_share\"}],\"resources\":[{\"system\":\"#system#\",\"type\":\"pipeline\",\"paths\":[[{\"system\":\"#system#\",\"type\":\"project\",\"id\":\"#projectId#\",\"name\":\"#projectName#\"},{\"system\":\"#system#\",\"type\":\"pipeline\",\"id\":\"#resourceCode#\",\"name\":\"#resourceName#\"}]]}]}]', '[\"pipeline_view\",\"pipeline_edit\",\"pipeline_delete\",\"pipeline_execute\",\"pipeline_list\",\"pipeline_download\",\"pipeline_share\"]');
REPLACE INTO T_AUTH_RESOURCE_GROUP_CONFIG(`RESOURCE_TYPE`, `GROUP_CODE`, `GROUP_NAME`, `CREATE_MODE`, `DESCRIPTION`, `AUTHORIZATION_SCOPES`, `ACTIONS`) values("pipeline", "executor", "executor", 0, 'Pipeline executors, who can view and execute pipelines, download or share artifacts', '[{\"system\":\"#system#\",\"actions\":[{\"id\":\"project_visit\"}],\"resources\":[{\"system\":\"#system#\",\"type\":\"project\",\"paths\":[[{\"system\":\"#system#\",\"type\":\"project\",\"id\":\"#projectId#\",\"name\":\"#projectName#\"}]]}]},{\"system\":\"#system#\",\"actions\":[{\"id\":\"pipeline_view\"},{\"id\":\"pipeline_execute\"},{\"id\":\"pipeline_list\"},{\"id\":\"pipeline_download\"},{\"id\":\"pipeline_share\"}],\"resources\":[{\"system\":\"#system#\",\"type\":\"pipeline\",\"paths\":[[{\"system\":\"#system#\",\"type\":\"project\",\"id\":\"#projectId#\",\"name\":\"#projectName#\"},{\"system\":\"#system#\",\"type\":\"pipeline\",\"id\":\"#resourceCode#\",\"name\":\"#resourceName#\"}]]}]}]', '[\"pipeline_view\",\"pipeline_execute\",\"pipeline_list\",\"pipeline_download\",\"pipeline_share\"]');
REPLACE INTO T_AUTH_RESOURCE_GROUP_CONFIG(`RESOURCE_TYPE`, `GROUP_CODE`, `GROUP_NAME`, `CREATE_MODE`, `DESCRIPTION`, `AUTHORIZATION_SCOPES`, `ACTIONS`) values("pipeline", "viewer", "viewer", 0, 'Pipeline viewer, who can view pipelines, download or share artifacts', '[{\"system\":\"#system#\",\"actions\":[{\"id\":\"project_visit\"}],\"resources\":[{\"system\":\"#system#\",\"type\":\"project\",\"paths\":[[{\"system\":\"#system#\",\"type\":\"project\",\"id\":\"#projectId#\",\"name\":\"#projectName#\"}]]}]},{\"system\":\"#system#\",\"actions\":[{\"id\":\"pipeline_view\"},{\"id\":\"pipeline_list\"},{\"id\":\"pipeline_download\"},{\"id\":\"pipeline_share\"}],\"resources\":[{\"system\":\"#system#\",\"type\":\"pipeline\",\"paths\":[[{\"system\":\"#system#\",\"type\":\"project\",\"id\":\"#projectId#\",\"name\":\"#projectName#\"},{\"system\":\"#system#\",\"type\":\"pipeline\",\"id\":\"#resourceCode#\",\"name\":\"#resourceName#\"}]]}]}]', '[\"pipeline_view\",\"pipeline_list\",\"pipeline_download\",\"pipeline_share\"]');

REPLACE INTO T_AUTH_RESOURCE_GROUP_CONFIG(`RESOURCE_TYPE`, `GROUP_CODE`, `GROUP_NAME`, `CREATE_MODE`, `DESCRIPTION`, `AUTHORIZATION_SCOPES`, `ACTIONS`) values("pipeline_group", "manager", "owner", 0, 'The pipeline group administrator can manage the pipelines in the group, and add editors, executors, and viewers to the pipelines in the group in batchesefghjk', '[{\"system\":\"#system#\",\"actions\":[{\"id\":\"project_visit\"}],\"resources\":[{\"system\":\"#system#\",\"type\":\"project\",\"paths\":[[{\"system\":\"#system#\",\"type\":\"project\",\"id\":\"#projectId#\",\"name\":\"#projectName#\"}]]}]},{\"system\":\"#system#\",\"actions\":[{\"id\":\"pipeline_view\"},{\"id\":\"pipeline_edit\"},{\"id\":\"pipeline_delete\"},{\"id\":\"pipeline_execute\"},{\"id\":\"pipeline_list\"},{\"id\":\"pipeline_download\"},{\"id\":\"pipeline_share\"}],\"resources\":[{\"system\":\"#system#\",\"type\":\"pipeline\",\"paths\":[[{\"system\":\"#system#\",\"type\":\"project\",\"id\":\"#projectId#\",\"name\":\"#projectName#\"},{\"system\":\"#system#\",\"type\":\"pipeline_group\",\"id\":\"#resourceCode#\",\"name\":\"#resourceName#\"}]]}]}]', '[\"pipeline_group_edit\",\"pipeline_group_view\",\"pipeline_group_delete\",\"pipeline_group_list\",\"pipeline_list\",\"pipeline_group_add-remove\",\"pipeline_group_manage\"]');
REPLACE INTO T_AUTH_RESOURCE_GROUP_CONFIG(`RESOURCE_TYPE`, `GROUP_CODE`, `GROUP_NAME`, `CREATE_MODE`, `DESCRIPTION`, `AUTHORIZATION_SCOPES`, `ACTIONS`) values("pipeline_group", "editor", "editor", 1, 'Can view, edit, and execute pipelines in the group', '[{\"system\":\"#system#\",\"actions\":[{\"id\":\"project_visit\"}],\"resources\":[{\"system\":\"#system#\",\"type\":\"project\",\"paths\":[[{\"system\":\"#system#\",\"type\":\"project\",\"id\":\"#projectId#\",\"name\":\"#projectName#\"}]]}]},{\"system\":\"#system#\",\"actions\":[{\"id\":\"pipeline_view\"},{\"id\":\"pipeline_edit\"},{\"id\":\"pipeline_delete\"},{\"id\":\"pipeline_execute\"},{\"id\":\"pipeline_list\"},{\"id\":\"pipeline_download\"},{\"id\":\"pipeline_share\"}],\"resources\":[{\"system\":\"#system#\",\"type\":\"pipeline\",\"paths\":[[{\"system\":\"#system#\",\"type\":\"project\",\"id\":\"#projectId#\",\"name\":\"#projectName#\"},{\"system\":\"#system#\",\"type\":\"pipeline_group\",\"id\":\"#resourceCode#\",\"name\":\"#resourceName#\"}]]}]}]', '[]');
REPLACE INTO T_AUTH_RESOURCE_GROUP_CONFIG(`RESOURCE_TYPE`, `GROUP_CODE`, `GROUP_NAME`, `CREATE_MODE`, `DESCRIPTION`, `AUTHORIZATION_SCOPES`, `ACTIONS`) values("pipeline_group", "executor", "executor", 1, 'Can view and execute the pipelines in the group', '[{\"system\":\"#system#\",\"actions\":[{\"id\":\"project_visit\"}],\"resources\":[{\"system\":\"#system#\",\"type\":\"project\",\"paths\":[[{\"system\":\"#system#\",\"type\":\"project\",\"id\":\"#projectId#\",\"name\":\"#projectName#\"}]]}]},{\"system\":\"#system#\",\"actions\":[{\"id\":\"pipeline_view\"},{\"id\":\"pipeline_execute\"},{\"id\":\"pipeline_list\"},{\"id\":\"pipeline_download\"},{\"id\":\"pipeline_share\"}],\"resources\":[{\"system\":\"#system#\",\"type\":\"pipeline\",\"paths\":[[{\"system\":\"#system#\",\"type\":\"project\",\"id\":\"#projectId#\",\"name\":\"#projectName#\"},{\"system\":\"#system#\",\"type\":\"pipeline_group\",\"id\":\"#resourceCode#\",\"name\":\"#resourceName#\"}]]}]}]', '[]');
REPLACE INTO T_AUTH_RESOURCE_GROUP_CONFIG(`RESOURCE_TYPE`, `GROUP_CODE`, `GROUP_NAME`, `CREATE_MODE`, `DESCRIPTION`, `AUTHORIZATION_SCOPES`, `ACTIONS`) values("pipeline_group", "viewer", "viewer", 1, 'Can view the pipelines in the group', '[{\"system\":\"#system#\",\"actions\":[{\"id\":\"project_visit\"}],\"resources\":[{\"system\":\"#system#\",\"type\":\"project\",\"paths\":[[{\"system\":\"#system#\",\"type\":\"project\",\"id\":\"#projectId#\",\"name\":\"#projectName#\"}]]}]},{\"system\":\"#system#\",\"actions\":[{\"id\":\"pipeline_view\"},{\"id\":\"pipeline_list\"},{\"id\":\"pipeline_download\"},{\"id\":\"pipeline_share\"}],\"resources\":[{\"system\":\"#system#\",\"type\":\"pipeline\",\"paths\":[[{\"system\":\"#system#\",\"type\":\"project\",\"id\":\"#projectId#\",\"name\":\"#projectName#\"},{\"system\":\"#system#\",\"type\":\"pipeline_group\",\"id\":\"#resourceCode#\",\"name\":\"#resourceName#\"}]]}]}]', '[]');


REPLACE INTO T_AUTH_RESOURCE_GROUP_CONFIG(`RESOURCE_TYPE`, `GROUP_CODE`, `GROUP_NAME`, `CREATE_MODE`, `DESCRIPTION`, `AUTHORIZATION_SCOPES`, `ACTIONS`) values("project", "manager", "manager", 0, 'The project administrator has the operation and management rights of all resources under the project. Can add users to projects, remove users from projects, approve requests to join projects, and approve permission renewal requests for users in project-level user groups.', '[{\"system\":\"#system#\",\"actions\":[{\"id\":\"project_visit\"},{\"id\":\"project_view\"},{\"id\":\"project_edit\"},{\"id\":\"project_enable\"},{\"id\":\"project_list\"},{\"id\":\"project_manage\"},{\"id\":\"pipeline_create\"},{\"id\":\"codecc_task_create\"},{\"id\":\"codecc_task_list\"},{\"id\":\"codecc_rule_set_create\"},{\"id\":\"codecc_rule_set_list\"},{\"id\":\"repertory_create\"},{\"id\":\"credential_create\"},{\"id\":\"cert_create\"},{\"id\":\"environment_create\"},{\"id\":\"env_node_create\"},{\"id\":\"experience_task_create\"},{\"id\":\"experience_group_create\"},{\"id\":\"rule_create\"},{\"id\":\"rule_list\"},{\"id\":\"quality_group_create\"},{\"id\":\"quality_group_list\"}],\"resources\":[{\"system\":\"#system#\",\"type\":\"project\",\"paths\":[[{\"system\":\"#system#\",\"type\":\"project\",\"id\":\"#projectId#\",\"name\":\"#projectName#\"}]]}]},{\"system\":\"#system#\",\"actions\":[{\"id\":\"pipeline_view\"},{\"id\":\"pipeline_edit\"},{\"id\":\"pipeline_delete\"},{\"id\":\"pipeline_execute\"},{\"id\":\"pipeline_list\"},{\"id\":\"pipeline_download\"},{\"id\":\"pipeline_share\"},{\"id\":\"pipeline_manage\"}],\"resources\":[{\"system\":\"#system#\",\"type\":\"pipeline\",\"paths\":[[{\"system\":\"#system#\",\"type\":\"project\",\"id\":\"#projectId#\",\"name\":\"#projectName#\"}],[{\"system\":\"#system#\",\"type\":\"project\",\"id\":\"#projectId#\",\"name\":\"#projectName#\"}]]}]},{\"system\":\"#system#\",\"actions\":[{\"id\":\"codecc_task_analyze\"},{\"id\":\"codecc_task_manage-defect\"},{\"id\":\"codecc_task_view-defect\"},{\"id\":\"codecc_task_view-report\"},{\"id\":\"codecc_task_setting\"},{\"id\":\"codecc_task_manage\"}],\"resources\":[{\"system\":\"#system#\",\"type\":\"codecc_task\",\"paths\":[[{\"system\":\"#system#\",\"type\":\"project\",\"id\":\"#projectId#\",\"name\":\"#projectName#\"}]]}]},{\"system\":\"#system#\",\"actions\":[{\"id\":\"repertory_view\"},{\"id\":\"repertory_edit\"},{\"id\":\"repertory_delete\"},{\"id\":\"repertory_list\"},{\"id\":\"repertory_use\"}],\"resources\":[{\"system\":\"#system#\",\"type\":\"repertory\",\"paths\":[[{\"system\":\"#system#\",\"type\":\"project\",\"id\":\"#projectId#\",\"name\":\"#projectName#\"}]]}]},{\"system\":\"#system#\",\"actions\":[{\"id\":\"credential_view\"},{\"id\":\"credential_edit\"},{\"id\":\"credential_delete\"},{\"id\":\"credential_list\"},{\"id\":\"credential_use\"}],\"resources\":[{\"system\":\"#system#\",\"type\":\"credential\",\"paths\":[[{\"system\":\"#system#\",\"type\":\"project\",\"id\":\"#projectId#\",\"name\":\"#projectName#\"}]]}]},{\"system\":\"#system#\",\"actions\":[{\"id\":\"cert_view\"},{\"id\":\"cert_edit\"},{\"id\":\"cert_delete\"},{\"id\":\"cert_list\"},{\"id\":\"cert_use\"}],\"resources\":[{\"system\":\"#system#\",\"type\":\"cert\",\"paths\":[[{\"system\":\"#system#\",\"type\":\"project\",\"id\":\"#projectId#\",\"name\":\"#projectName#\"}]]}]},{\"system\":\"#system#\",\"actions\":[{\"id\":\"environment_view\"},{\"id\":\"environment_edit\"},{\"id\":\"environment_delete\"},{\"id\":\"environment_list\"},{\"id\":\"environment_use\"}],\"resources\":[{\"system\":\"#system#\",\"type\":\"environment\",\"paths\":[[{\"system\":\"#system#\",\"type\":\"project\",\"id\":\"#projectId#\",\"name\":\"#projectName#\"}]]}]},{\"system\":\"#system#\",\"actions\":[{\"id\":\"env_node_view\"},{\"id\":\"env_node_edit\"},{\"id\":\"env_node_delete\"},{\"id\":\"env_node_list\"},{\"id\":\"env_node_use\"}],\"resources\":[{\"system\":\"#system#\",\"type\":\"env_node\",\"paths\":[[{\"system\":\"#system#\",\"type\":\"project\",\"id\":\"#projectId#\",\"name\":\"#projectName#\"}]]}]},{\"system\":\"#system#\",\"actions\":[{\"id\":\"experience_task_view\"},{\"id\":\"experience_task_edit\"},{\"id\":\"experience_task_delete\"},{\"id\":\"experience_task_list\"}],\"resources\":[{\"system\":\"#system#\",\"type\":\"experience_task\",\"paths\":[[{\"system\":\"#system#\",\"type\":\"project\",\"id\":\"#projectId#\",\"name\":\"#projectName#\"}]]}]},{\"system\":\"#system#\",\"actions\":[{\"id\":\"experience_group_view\"},{\"id\":\"experience_group_edit\"},{\"id\":\"experience_group_delete\"},{\"id\":\"experience_group_list\"}],\"resources\":[{\"system\":\"#system#\",\"type\":\"experience_group\",\"paths\":[[{\"system\":\"#system#\",\"type\":\"project\",\"id\":\"#projectId#\",\"name\":\"#projectName#\"}]]}]},{\"system\":\"#system#\",\"actions\":[{\"id\":\"rule_edit\"},{\"id\":\"rule_delete\"},{\"id\":\"rule_enable\"}],\"resources\":[{\"system\":\"#system#\",\"type\":\"rule\",\"paths\":[[{\"system\":\"#system#\",\"type\":\"project\",\"id\":\"#projectId#\",\"name\":\"#projectName#\"}]]}]},{\"system\":\"#system#\",\"actions\":[{\"id\":\"quality_group_edit\"},{\"id\":\"quality_group_delete\"}],\"resources\":[{\"system\":\"#system#\",\"type\":\"quality_group\",\"paths\":[[{\"system\":\"#system#\",\"type\":\"project\",\"id\":\"#projectId#\",\"name\":\"#projectName#\"}]]}]}]', '[\"project_visit\",\"project_view\",\"project_edit\",\"project_enable\",\"project_list\",\"project_manage\"]');
REPLACE INTO T_AUTH_RESOURCE_GROUP_CONFIG(`RESOURCE_TYPE`, `GROUP_CODE`, `GROUP_NAME`, `CREATE_MODE`, `DESCRIPTION`, `AUTHORIZATION_SCOPES`, `ACTIONS`) values("project", "visitor", "visitor", 0, 'Visitors can view the pipeline list.', '[{\"system\":\"#system#\",\"actions\":[{\"id\":\"project_visit\"},{\"id\":\"project_list\"}],\"resources\":[{\"system\":\"#system#\",\"type\":\"project\",\"paths\":[[{\"system\":\"#system#\",\"type\":\"project\",\"id\":\"#projectId#\",\"name\":\"#projectName#\"}]]}]},{\"system\":\"#system#\",\"actions\":[{\"id\":\"pipeline_list\"}],\"resources\":[{\"system\":\"#system#\",\"type\":\"pipeline\",\"paths\":[[{\"system\":\"#system#\",\"type\":\"project\",\"id\":\"#projectId#\",\"name\":\"#projectName#\"}],[{\"system\":\"#system#\",\"type\":\"project\",\"id\":\"#projectId#\",\"name\":\"#projectName#\"}]]}]}]', '[\"project_visit\",\"project_list\"]');
REPLACE INTO T_AUTH_RESOURCE_GROUP_CONFIG(`RESOURCE_TYPE`, `GROUP_CODE`, `GROUP_NAME`, `CREATE_MODE`, `DESCRIPTION`, `AUTHORIZATION_SCOPES`, `ACTIONS`) values("project", "developer", "developer", 0, 'Developers can create CI pipelines and related resources, download or share artifacts.', '[{\"system\":\"#system#\",\"actions\":[{\"id\":\"project_visit\"},{\"id\":\"project_list\"},{\"id\":\"pipeline_create\"},{\"id\":\"codecc_task_create\"},{\"id\":\"codecc_task_list\"},{\"id\":\"codecc_rule_set_create\"},{\"id\":\"codecc_rule_set_list\"},{\"id\":\"repertory_create\"},{\"id\":\"credential_create\"},{\"id\":\"cert_create\"},{\"id\":\"environment_create\"},{\"id\":\"env_node_create\"},{\"id\":\"experience_task_create\"},{\"id\":\"experience_group_create\"},{\"id\":\"rule_list\"},{\"id\":\"quality_group_list\"}],\"resources\":[{\"system\":\"#system#\",\"type\":\"project\",\"paths\":[[{\"system\":\"#system#\",\"type\":\"project\",\"id\":\"#projectId#\",\"name\":\"#projectName#\"}]]}]},{\"system\":\"#system#\",\"actions\":[{\"id\":\"pipeline_list\"},{\"id\":\"pipeline_download\"},{\"id\":\"pipeline_share\"}],\"resources\":[{\"system\":\"#system#\",\"type\":\"pipeline\",\"paths\":[[{\"system\":\"#system#\",\"type\":\"project\",\"id\":\"#projectId#\",\"name\":\"#projectName#\"}],[{\"system\":\"#system#\",\"type\":\"project\",\"id\":\"#projectId#\",\"name\":\"#projectName#\"}]]}]},{\"system\":\"#system#\",\"actions\":[{\"id\":\"repertory_list\"}],\"resources\":[{\"system\":\"#system#\",\"type\":\"repertory\",\"paths\":[[{\"system\":\"#system#\",\"type\":\"project\",\"id\":\"#projectId#\",\"name\":\"#projectName#\"}]]}]},{\"system\":\"#system#\",\"actions\":[{\"id\":\"credential_list\"}],\"resources\":[{\"system\":\"#system#\",\"type\":\"credential\",\"paths\":[[{\"system\":\"#system#\",\"type\":\"project\",\"id\":\"#projectId#\",\"name\":\"#projectName#\"}]]}]},{\"system\":\"#system#\",\"actions\":[{\"id\":\"cert_list\"}],\"resources\":[{\"system\":\"#system#\",\"type\":\"cert\",\"paths\":[[{\"system\":\"#system#\",\"type\":\"project\",\"id\":\"#projectId#\",\"name\":\"#projectName#\"}]]}]},{\"system\":\"#system#\",\"actions\":[{\"id\":\"environment_view\"},{\"id\":\"environment_list\"}],\"resources\":[{\"system\":\"#system#\",\"type\":\"environment\",\"paths\":[[{\"system\":\"#system#\",\"type\":\"project\",\"id\":\"#projectId#\",\"name\":\"#projectName#\"}]]}]},{\"system\":\"#system#\",\"actions\":[{\"id\":\"env_node_view\"},{\"id\":\"env_node_list\"}],\"resources\":[{\"system\":\"#system#\",\"type\":\"env_node\",\"paths\":[[{\"system\":\"#system#\",\"type\":\"project\",\"id\":\"#projectId#\",\"name\":\"#projectName#\"}]]}]},{\"system\":\"#system#\",\"actions\":[{\"id\":\"experience_task_view\"},{\"id\":\"experience_task_list\"}],\"resources\":[{\"system\":\"#system#\",\"type\":\"experience_task\",\"paths\":[[{\"system\":\"#system#\",\"type\":\"project\",\"id\":\"#projectId#\",\"name\":\"#projectName#\"}]]}]},{\"system\":\"#system#\",\"actions\":[{\"id\":\"experience_group_view\"},{\"id\":\"experience_group_list\"}],\"resources\":[{\"system\":\"#system#\",\"type\":\"experience_group\",\"paths\":[[{\"system\":\"#system#\",\"type\":\"project\",\"id\":\"#projectId#\",\"name\":\"#projectName#\"}]]}]}]', '[\"project_visit\",\"project_list\"]');
REPLACE INTO T_AUTH_RESOURCE_GROUP_CONFIG(`RESOURCE_TYPE`, `GROUP_CODE`, `GROUP_NAME`, `CREATE_MODE`, `DESCRIPTION`, `AUTHORIZATION_SCOPES`, `ACTIONS`) values("project", "maintainer", "maintainer", 0, 'Ops can create CD pipelines and related resources, download or share artifacts.', '[{\"system\":\"#system#\",\"actions\":[{\"id\":\"project_visit\"},{\"id\":\"project_list\"},{\"id\":\"pipeline_create\"},{\"id\":\"codecc_task_create\"},{\"id\":\"codecc_rule_set_list\"},{\"id\":\"repertory_create\"},{\"id\":\"credential_create\"},{\"id\":\"cert_create\"},{\"id\":\"environment_create\"},{\"id\":\"env_node_create\"},{\"id\":\"rule_list\"},{\"id\":\"quality_group_list\"}],\"resources\":[{\"system\":\"#system#\",\"type\":\"project\",\"paths\":[[{\"system\":\"#system#\",\"type\":\"project\",\"id\":\"#projectId#\",\"name\":\"#projectName#\"}]]}]},{\"system\":\"#system#\",\"actions\":[{\"id\":\"pipeline_list\"},{\"id\":\"pipeline_download\"},{\"id\":\"pipeline_share\"}],\"resources\":[{\"system\":\"#system#\",\"type\":\"pipeline\",\"paths\":[[{\"system\":\"#system#\",\"type\":\"project\",\"id\":\"#projectId#\",\"name\":\"#projectName#\"}],[{\"system\":\"#system#\",\"type\":\"project\",\"id\":\"#projectId#\",\"name\":\"#projectName#\"}]]}]},{\"system\":\"#system#\",\"actions\":[{\"id\":\"repertory_list\"}],\"resources\":[{\"system\":\"#system#\",\"type\":\"repertory\",\"paths\":[[{\"system\":\"#system#\",\"type\":\"project\",\"id\":\"#projectId#\",\"name\":\"#projectName#\"}]]}]},{\"system\":\"#system#\",\"actions\":[{\"id\":\"credential_list\"}],\"resources\":[{\"system\":\"#system#\",\"type\":\"credential\",\"paths\":[[{\"system\":\"#system#\",\"type\":\"project\",\"id\":\"#projectId#\",\"name\":\"#projectName#\"}]]}]},{\"system\":\"#system#\",\"actions\":[{\"id\":\"cert_list\"}],\"resources\":[{\"system\":\"#system#\",\"type\":\"cert\",\"paths\":[[{\"system\":\"#system#\",\"type\":\"project\",\"id\":\"#projectId#\",\"name\":\"#projectName#\"}]]}]},{\"system\":\"#system#\",\"actions\":[{\"id\":\"environment_view\"},{\"id\":\"environment_list\"}],\"resources\":[{\"system\":\"#system#\",\"type\":\"environment\",\"paths\":[[{\"system\":\"#system#\",\"type\":\"project\",\"id\":\"#projectId#\",\"name\":\"#projectName#\"}]]}]},{\"system\":\"#system#\",\"actions\":[{\"id\":\"env_node_view\"},{\"id\":\"env_node_list\"}],\"resources\":[{\"system\":\"#system#\",\"type\":\"env_node\",\"paths\":[[{\"system\":\"#system#\",\"type\":\"project\",\"id\":\"#projectId#\",\"name\":\"#projectName#\"}]]}]},{\"system\":\"#system#\",\"actions\":[{\"id\":\"experience_task_view\"},{\"id\":\"experience_task_list\"}],\"resources\":[{\"system\":\"#system#\",\"type\":\"experience_task\",\"paths\":[[{\"system\":\"#system#\",\"type\":\"project\",\"id\":\"#projectId#\",\"name\":\"#projectName#\"}]]}]},{\"system\":\"#system#\",\"actions\":[{\"id\":\"experience_group_view\"},{\"id\":\"experience_group_list\"}],\"resources\":[{\"system\":\"#system#\",\"type\":\"experience_group\",\"paths\":[[{\"system\":\"#system#\",\"type\":\"project\",\"id\":\"#projectId#\",\"name\":\"#projectName#\"}]]}]}]', '[\"project_visit\",\"project_list\"]');
REPLACE INTO T_AUTH_RESOURCE_GROUP_CONFIG(`RESOURCE_TYPE`, `GROUP_CODE`, `GROUP_NAME`, `CREATE_MODE`, `DESCRIPTION`, `AUTHORIZATION_SCOPES`, `ACTIONS`) values("project", "pm", "pm", 0, 'PM can view the pipeline list, download or share artifacts.', '[{\"system\":\"#system#\",\"actions\":[{\"id\":\"project_visit\"},{\"id\":\"project_list\"},{\"id\":\"codecc_task_list\"},{\"id\":\"codecc_rule_set_list\"},{\"id\":\"rule_list\"},{\"id\":\"quality_group_list\"}],\"resources\":[{\"system\":\"#system#\",\"type\":\"project\",\"paths\":[[{\"system\":\"#system#\",\"type\":\"project\",\"id\":\"#projectId#\",\"name\":\"#projectName#\"}]]}]},{\"system\":\"#system#\",\"actions\":[{\"id\":\"pipeline_list\"},{\"id\":\"pipeline_download\"},{\"id\":\"pipeline_share\"}],\"resources\":[{\"system\":\"#system#\",\"type\":\"pipeline\",\"paths\":[[{\"system\":\"#system#\",\"type\":\"project\",\"id\":\"#projectId#\",\"name\":\"#projectName#\"}],[{\"system\":\"#system#\",\"type\":\"project\",\"id\":\"#projectId#\",\"name\":\"#projectName#\"}]]}]},{\"system\":\"#system#\",\"actions\":[{\"id\":\"repertory_list\"}],\"resources\":[{\"system\":\"#system#\",\"type\":\"repertory\",\"paths\":[[{\"system\":\"#system#\",\"type\":\"project\",\"id\":\"#projectId#\",\"name\":\"#projectName#\"}]]}]},{\"system\":\"#system#\",\"actions\":[{\"id\":\"credential_list\"}],\"resources\":[{\"system\":\"#system#\",\"type\":\"credential\",\"paths\":[[{\"system\":\"#system#\",\"type\":\"project\",\"id\":\"#projectId#\",\"name\":\"#projectName#\"}]]}]},{\"system\":\"#system#\",\"actions\":[{\"id\":\"cert_list\"}],\"resources\":[{\"system\":\"#system#\",\"type\":\"cert\",\"paths\":[[{\"system\":\"#system#\",\"type\":\"project\",\"id\":\"#projectId#\",\"name\":\"#projectName#\"}]]}]},{\"system\":\"#system#\",\"actions\":[{\"id\":\"environment_list\"}],\"resources\":[{\"system\":\"#system#\",\"type\":\"environment\",\"paths\":[[{\"system\":\"#system#\",\"type\":\"project\",\"id\":\"#projectId#\",\"name\":\"#projectName#\"}]]}]},{\"system\":\"#system#\",\"actions\":[{\"id\":\"env_node_list\"}],\"resources\":[{\"system\":\"#system#\",\"type\":\"env_node\",\"paths\":[[{\"system\":\"#system#\",\"type\":\"project\",\"id\":\"#projectId#\",\"name\":\"#projectName#\"}]]}]},{\"system\":\"#system#\",\"actions\":[{\"id\":\"experience_task_view\"},{\"id\":\"experience_task_list\"}],\"resources\":[{\"system\":\"#system#\",\"type\":\"experience_task\",\"paths\":[[{\"system\":\"#system#\",\"type\":\"project\",\"id\":\"#projectId#\",\"name\":\"#projectName#\"}]]}]},{\"system\":\"#system#\",\"actions\":[{\"id\":\"experience_group_view\"},{\"id\":\"experience_group_list\"}],\"resources\":[{\"system\":\"#system#\",\"type\":\"experience_group\",\"paths\":[[{\"system\":\"#system#\",\"type\":\"project\",\"id\":\"#projectId#\",\"name\":\"#projectName#\"}]]}]}]', '[\"project_visit\",\"project_list\"]');
REPLACE INTO T_AUTH_RESOURCE_GROUP_CONFIG(`RESOURCE_TYPE`, `GROUP_CODE`, `GROUP_NAME`, `CREATE_MODE`, `DESCRIPTION`, `AUTHORIZATION_SCOPES`, `ACTIONS`) values("project", "tester", "tester", 0, 'Testers can create test pipelines and related resources, download or share artifacts.', '[{\"system\":\"#system#\",\"actions\":[{\"id\":\"project_visit\"},{\"id\":\"project_list\"},{\"id\":\"pipeline_create\"},{\"id\":\"codecc_task_create\"},{\"id\":\"codecc_task_list\"},{\"id\":\"codecc_rule_set_create\"},{\"id\":\"codecc_rule_set_list\"},{\"id\":\"repertory_create\"},{\"id\":\"credential_create\"},{\"id\":\"cert_create\"},{\"id\":\"environment_create\"},{\"id\":\"env_node_create\"},{\"id\":\"experience_task_create\"},{\"id\":\"experience_group_create\"},{\"id\":\"rule_list\"},{\"id\":\"quality_group_list\"}],\"resources\":[{\"system\":\"#system#\",\"type\":\"project\",\"paths\":[[{\"system\":\"#system#\",\"type\":\"project\",\"id\":\"#projectId#\",\"name\":\"#projectName#\"}]]}]},{\"system\":\"#system#\",\"actions\":[{\"id\":\"pipeline_list\"},{\"id\":\"pipeline_download\"},{\"id\":\"pipeline_share\"}],\"resources\":[{\"system\":\"#system#\",\"type\":\"pipeline\",\"paths\":[[{\"system\":\"#system#\",\"type\":\"project\",\"id\":\"#projectId#\",\"name\":\"#projectName#\"}],[{\"system\":\"#system#\",\"type\":\"project\",\"id\":\"#projectId#\",\"name\":\"#projectName#\"}]]}]},{\"system\":\"#system#\",\"actions\":[{\"id\":\"repertory_list\"}],\"resources\":[{\"system\":\"#system#\",\"type\":\"repertory\",\"paths\":[[{\"system\":\"#system#\",\"type\":\"project\",\"id\":\"#projectId#\",\"name\":\"#projectName#\"}]]}]},{\"system\":\"#system#\",\"actions\":[{\"id\":\"credential_list\"}],\"resources\":[{\"system\":\"#system#\",\"type\":\"credential\",\"paths\":[[{\"system\":\"#system#\",\"type\":\"project\",\"id\":\"#projectId#\",\"name\":\"#projectName#\"}]]}]},{\"system\":\"#system#\",\"actions\":[{\"id\":\"cert_list\"}],\"resources\":[{\"system\":\"#system#\",\"type\":\"cert\",\"paths\":[[{\"system\":\"#system#\",\"type\":\"project\",\"id\":\"#projectId#\",\"name\":\"#projectName#\"}]]}]},{\"system\":\"#system#\",\"actions\":[{\"id\":\"environment_list\"}],\"resources\":[{\"system\":\"#system#\",\"type\":\"environment\",\"paths\":[[{\"system\":\"#system#\",\"type\":\"project\",\"id\":\"#projectId#\",\"name\":\"#projectName#\"}]]}]},{\"system\":\"#system#\",\"actions\":[{\"id\":\"env_node_list\"}],\"resources\":[{\"system\":\"#system#\",\"type\":\"env_node\",\"paths\":[[{\"system\":\"#system#\",\"type\":\"project\",\"id\":\"#projectId#\",\"name\":\"#projectName#\"}]]}]},{\"system\":\"#system#\",\"actions\":[{\"id\":\"experience_task_view\"},{\"id\":\"experience_task_list\"}],\"resources\":[{\"system\":\"#system#\",\"type\":\"experience_task\",\"paths\":[[{\"system\":\"#system#\",\"type\":\"project\",\"id\":\"#projectId#\",\"name\":\"#projectName#\"}]]}]},{\"system\":\"#system#\",\"actions\":[{\"id\":\"experience_group_view\"},{\"id\":\"experience_group_list\"}],\"resources\":[{\"system\":\"#system#\",\"type\":\"experience_group\",\"paths\":[[{\"system\":\"#system#\",\"type\":\"project\",\"id\":\"#projectId#\",\"name\":\"#projectName#\"}]]}]}]', '[\"project_visit\",\"project_list\"]');
REPLACE INTO T_AUTH_RESOURCE_GROUP_CONFIG(`RESOURCE_TYPE`, `GROUP_CODE`, `GROUP_NAME`, `CREATE_MODE`, `DESCRIPTION`, `AUTHORIZATION_SCOPES`, `ACTIONS`) values("project", "qc", "qc", 0, 'QA can manage quality red line rules.', '[{\"system\":\"#system#\",\"actions\":[{\"id\":\"project_visit\"},{\"id\":\"project_list\"},{\"id\":\"codecc_task_list\"},{\"id\":\"codecc_rule_set_list\"},{\"id\":\"rule_create\"},{\"id\":\"rule_list\"},{\"id\":\"quality_group_create\"},{\"id\":\"quality_group_list\"}],\"resources\":[{\"system\":\"#system#\",\"type\":\"project\",\"paths\":[[{\"system\":\"#system#\",\"type\":\"project\",\"id\":\"#projectId#\",\"name\":\"#projectName#\"}]]}]},{\"system\":\"#system#\",\"actions\":[{\"id\":\"pipeline_list\"}],\"resources\":[{\"system\":\"#system#\",\"type\":\"pipeline\",\"paths\":[[{\"system\":\"#system#\",\"type\":\"project\",\"id\":\"#projectId#\",\"name\":\"#projectName#\"}],[{\"system\":\"#system#\",\"type\":\"project\",\"id\":\"#projectId#\",\"name\":\"#projectName#\"}]]}]},{\"system\":\"#system#\",\"actions\":[{\"id\":\"codecc_task_view-defect\"},{\"id\":\"codecc_task_view-report\"}],\"resources\":[{\"system\":\"#system#\",\"type\":\"codecc_task\",\"paths\":[[{\"system\":\"#system#\",\"type\":\"project\",\"id\":\"#projectId#\",\"name\":\"#projectName#\"}]]}]},{\"system\":\"#system#\",\"actions\":[{\"id\":\"repertory_list\"}],\"resources\":[{\"system\":\"#system#\",\"type\":\"repertory\",\"paths\":[[{\"system\":\"#system#\",\"type\":\"project\",\"id\":\"#projectId#\",\"name\":\"#projectName#\"}]]}]},{\"system\":\"#system#\",\"actions\":[{\"id\":\"rule_edit\"},{\"id\":\"rule_delete\"},{\"id\":\"rule_enable\"}],\"resources\":[{\"system\":\"#system#\",\"type\":\"rule\",\"paths\":[[{\"system\":\"#system#\",\"type\":\"project\",\"id\":\"#projectId#\",\"name\":\"#projectName#\"}]]}]},{\"system\":\"#system#\",\"actions\":[{\"id\":\"quality_group_edit\"},{\"id\":\"quality_group_delete\"}],\"resources\":[{\"system\":\"#system#\",\"type\":\"quality_group\",\"paths\":[[{\"system\":\"#system#\",\"type\":\"project\",\"id\":\"#projectId#\",\"name\":\"#projectName#\"}]]}]}]', '[\"project_visit\",\"project_list\"]');

REPLACE INTO T_AUTH_RESOURCE_GROUP_CONFIG(`RESOURCE_TYPE`, `GROUP_CODE`, `GROUP_NAME`, `CREATE_MODE`, `DESCRIPTION`, `AUTHORIZATION_SCOPES`, `ACTIONS`) values("codecc_task", "manager", "owner", 0, 'task owner, who can manage the permissions of the current task', '[{\"system\":\"#system#\",\"actions\":[{\"id\":\"project_visit\"}],\"resources\":[{\"system\":\"#system#\",\"type\":\"project\",\"paths\":[[{\"system\":\"#system#\",\"type\":\"project\",\"id\":\"#projectId#\",\"name\":\"#projectName#\"}]]}]},{\"system\":\"#system#\",\"actions\":[{\"id\":\"codecc_task_analyze\"},{\"id\":\"codecc_task_manage-defect\"},{\"id\":\"codecc_task_view-defect\"},{\"id\":\"codecc_task_view-report\"},{\"id\":\"codecc_task_setting\"},{\"id\":\"codecc_task_manage\"}],\"resources\":[{\"system\":\"#system#\",\"type\":\"codecc_task\",\"paths\":[[{\"system\":\"#system#\",\"type\":\"project\",\"id\":\"#projectId#\",\"name\":\"#projectName#\"}]]}]}]', '[\"codecc_task_analyze\",\"codecc_task_manage-defect\",\"codecc_task_view-defect\",\"codecc_task_view-report\",\"codecc_task_setting\",\"codecc_task_manage\"]');
REPLACE INTO T_AUTH_RESOURCE_GROUP_CONFIG(`RESOURCE_TYPE`, `GROUP_CODE`, `GROUP_NAME`, `CREATE_MODE`, `DESCRIPTION`, `AUTHORIZATION_SCOPES`, `ACTIONS`) values("codecc_task", "editor", "editor", 0, 'task editor, who has all the permissions of the current task except permission management', '[{\"system\":\"#system#\",\"actions\":[{\"id\":\"project_visit\"}],\"resources\":[{\"system\":\"#system#\",\"type\":\"project\",\"paths\":[[{\"system\":\"#system#\",\"type\":\"project\",\"id\":\"#projectId#\",\"name\":\"#projectName#\"}]]}]},{\"system\":\"#system#\",\"actions\":[{\"id\":\"codecc_task_analyze\"},{\"id\":\"codecc_task_manage-defect\"},{\"id\":\"codecc_task_view-defect\"},{\"id\":\"codecc_task_view-report\"},{\"id\":\"codecc_task_setting\"}],\"resources\":[{\"system\":\"#system#\",\"type\":\"codecc_task\",\"paths\":[[{\"system\":\"#system#\",\"type\":\"project\",\"id\":\"#projectId#\",\"name\":\"#projectName#\"}]]}]}]', '[\"codecc_task_analyze\",\"codecc_task_manage-defect\",\"codecc_task_view-defect\",\"codecc_task_view-report\",\"codecc_task_setting\"]');
REPLACE INTO T_AUTH_RESOURCE_GROUP_CONFIG(`RESOURCE_TYPE`, `GROUP_CODE`, `GROUP_NAME`, `CREATE_MODE`, `DESCRIPTION`, `AUTHORIZATION_SCOPES`, `ACTIONS`) values("codecc_task", "executor", "executor", 0, 'task executors, who can view and execute the current task', '[{\"system\":\"#system#\",\"actions\":[{\"id\":\"project_visit\"}],\"resources\":[{\"system\":\"#system#\",\"type\":\"project\",\"paths\":[[{\"system\":\"#system#\",\"type\":\"project\",\"id\":\"#projectId#\",\"name\":\"#projectName#\"}]]}]},{\"system\":\"#system#\",\"actions\":[{\"id\":\"codecc_task_analyze\"},{\"id\":\"codecc_task_manage-defect\"},{\"id\":\"codecc_task_view-defect\"},{\"id\":\"codecc_task_view-report\"}],\"resources\":[{\"system\":\"#system#\",\"type\":\"codecc_task\",\"paths\":[[{\"system\":\"#system#\",\"type\":\"project\",\"id\":\"#projectId#\",\"name\":\"#projectName#\"}]]}]}]', '[\"codecc_task_analyze\",\"codecc_task_manage-defect\",\"codecc_task_view-defect\",\"codecc_task_view-report\"]');
REPLACE INTO T_AUTH_RESOURCE_GROUP_CONFIG(`RESOURCE_TYPE`, `GROUP_CODE`, `GROUP_NAME`, `CREATE_MODE`, `DESCRIPTION`, `AUTHORIZATION_SCOPES`, `ACTIONS`) values("codecc_task", "viewer", "viewer", 0, 'task viewer, who can view the current task', '[{\"system\":\"#system#\",\"actions\":[{\"id\":\"project_visit\"}],\"resources\":[{\"system\":\"#system#\",\"type\":\"project\",\"paths\":[[{\"system\":\"#system#\",\"type\":\"project\",\"id\":\"#projectId#\",\"name\":\"#projectName#\"}]]}]},{\"system\":\"#system#\",\"actions\":[{\"id\":\"codecc_task_view-defect\"},{\"id\":\"codecc_task_view-report\"}],\"resources\":[{\"system\":\"#system#\",\"type\":\"codecc_task\",\"paths\":[[{\"system\":\"#system#\",\"type\":\"project\",\"id\":\"#projectId#\",\"name\":\"#projectName#\"}]]}]}]', '[\"codecc_task_view-defect\",\"codecc_task_view-report\"]');
