use devops_ci_auth;
SET NAMES utf8mb4;

-- 内置组权限初始化
REPLACE INTO  `T_AUTH_GROUP_PERSSION` (`ID`, `AUTH_ACTION`, `GROUP_CODE`, `CREATE_USER`, `UPDATE_USER`, `CREATE_TIME`, `UPDATE_TIME`) VALUES  ("4c36a72256d948429a97e3af2db30de2","project_view","ciAdmin","system",'',"2020-06-25 17:13:58",NULL);
REPLACE INTO  `T_AUTH_GROUP_PERSSION` (`ID`, `AUTH_ACTION`, `GROUP_CODE`, `CREATE_USER`, `UPDATE_USER`, `CREATE_TIME`, `UPDATE_TIME`) VALUES  ("f1c02514904a4d838448cf3966a80766","project_create","ciAdmin","system",'',"2020-06-25 17:13:58",NULL);
REPLACE INTO  `T_AUTH_GROUP_PERSSION` (`ID`, `AUTH_ACTION`, `GROUP_CODE`, `CREATE_USER`, `UPDATE_USER`, `CREATE_TIME`, `UPDATE_TIME`) VALUES  ("2cd11ebbaa704d049120471eee4a0056","project_edit","ciAdmin","system",'',"2020-06-25 17:13:58",NULL);
REPLACE INTO  `T_AUTH_GROUP_PERSSION` (`ID`, `AUTH_ACTION`, `GROUP_CODE`, `CREATE_USER`, `UPDATE_USER`, `CREATE_TIME`, `UPDATE_TIME`) VALUES  ("bc329e44b9164e41b4a3bb4e639e628d","project_delete","ciAdmin","system",'',"2020-06-25 17:13:58",NULL);
REPLACE INTO  `T_AUTH_GROUP_PERSSION` (`ID`, `AUTH_ACTION`, `GROUP_CODE`, `CREATE_USER`, `UPDATE_USER`, `CREATE_TIME`, `UPDATE_TIME`) VALUES  ("92ed7dff747446e8aec46cc9a780844e","project_manage","ciAdmin","system",'',"2020-06-25 17:13:58",NULL);
REPLACE INTO  `T_AUTH_GROUP_PERSSION` (`ID`, `AUTH_ACTION`, `GROUP_CODE`, `CREATE_USER`, `UPDATE_USER`, `CREATE_TIME`, `UPDATE_TIME`) VALUES  ("9afd78a150e742db8b92cc8a10f00212","pipeline_view","ciAdmin","system",'',"2020-06-25 17:13:58",NULL);
REPLACE INTO  `T_AUTH_GROUP_PERSSION` (`ID`, `AUTH_ACTION`, `GROUP_CODE`, `CREATE_USER`, `UPDATE_USER`, `CREATE_TIME`, `UPDATE_TIME`) VALUES  ("d2ca3168f997441889292071b18b98a1","pipeline_edit","ciAdmin","system",'',"2020-06-25 17:13:58",NULL);
REPLACE INTO  `T_AUTH_GROUP_PERSSION` (`ID`, `AUTH_ACTION`, `GROUP_CODE`, `CREATE_USER`, `UPDATE_USER`, `CREATE_TIME`, `UPDATE_TIME`) VALUES  ("666392edd0a44833b7b48337e4569267","pipeline_create","ciAdmin","system",'',"2020-06-25 17:13:58",NULL);
REPLACE INTO  `T_AUTH_GROUP_PERSSION` (`ID`, `AUTH_ACTION`, `GROUP_CODE`, `CREATE_USER`, `UPDATE_USER`, `CREATE_TIME`, `UPDATE_TIME`) VALUES  ("b81608de171245178b7132a737df90d4","pipeline_download","ciAdmin","system",'',"2020-06-25 17:13:58",NULL);
REPLACE INTO  `T_AUTH_GROUP_PERSSION` (`ID`, `AUTH_ACTION`, `GROUP_CODE`, `CREATE_USER`, `UPDATE_USER`, `CREATE_TIME`, `UPDATE_TIME`) VALUES  ("e3cafd081eba42a7ba4b8e0bb75cb2ec","pipeline_delete","ciAdmin","system",'',"2020-06-25 17:13:58",NULL);
REPLACE INTO  `T_AUTH_GROUP_PERSSION` (`ID`, `AUTH_ACTION`, `GROUP_CODE`, `CREATE_USER`, `UPDATE_USER`, `CREATE_TIME`, `UPDATE_TIME`) VALUES  ("b05910a4393240639c38c1ea5a9cc9f3","pipeline_share","ciAdmin","system",'',"2020-06-25 17:13:58",NULL);
REPLACE INTO  `T_AUTH_GROUP_PERSSION` (`ID`, `AUTH_ACTION`, `GROUP_CODE`, `CREATE_USER`, `UPDATE_USER`, `CREATE_TIME`, `UPDATE_TIME`) VALUES  ("263e5a3a477a43409eda907da129f49a","pipeline_execute","ciAdmin","system",'',"2020-06-25 17:13:58",NULL);
REPLACE INTO  `T_AUTH_GROUP_PERSSION` (`ID`, `AUTH_ACTION`, `GROUP_CODE`, `CREATE_USER`, `UPDATE_USER`, `CREATE_TIME`, `UPDATE_TIME`) VALUES  ("f712d7cc0ea5409f8b50b0ca0f683ffa","repository_view","ciAdmin","system",'',"2020-06-25 17:13:58",NULL);
REPLACE INTO  `T_AUTH_GROUP_PERSSION` (`ID`, `AUTH_ACTION`, `GROUP_CODE`, `CREATE_USER`, `UPDATE_USER`, `CREATE_TIME`, `UPDATE_TIME`) VALUES  ("04f998f73e154d3b9f53d8b2124895f5","repository_edit","ciAdmin","system",'',"2020-06-25 17:13:58",NULL);
REPLACE INTO  `T_AUTH_GROUP_PERSSION` (`ID`, `AUTH_ACTION`, `GROUP_CODE`, `CREATE_USER`, `UPDATE_USER`, `CREATE_TIME`, `UPDATE_TIME`) VALUES  ("567e36852ce6445594b011c1a6db10a8","repository_create","ciAdmin","system",'',"2020-06-25 17:13:58",NULL);
REPLACE INTO  `T_AUTH_GROUP_PERSSION` (`ID`, `AUTH_ACTION`, `GROUP_CODE`, `CREATE_USER`, `UPDATE_USER`, `CREATE_TIME`, `UPDATE_TIME`) VALUES  ("cb1073a80c93478da4847626ad4bb9e7","repository_delete","ciAdmin","system",'',"2020-06-25 17:13:58",NULL);
REPLACE INTO  `T_AUTH_GROUP_PERSSION` (`ID`, `AUTH_ACTION`, `GROUP_CODE`, `CREATE_USER`, `UPDATE_USER`, `CREATE_TIME`, `UPDATE_TIME`) VALUES  ("d78848554bf84ca29c494c715d8b0db6","repository_use","ciAdmin","system",'',"2020-06-25 17:13:58",NULL);
REPLACE INTO  `T_AUTH_GROUP_PERSSION` (`ID`, `AUTH_ACTION`, `GROUP_CODE`, `CREATE_USER`, `UPDATE_USER`, `CREATE_TIME`, `UPDATE_TIME`) VALUES  ("37874321490a46fcaf9440c84e6ac387","credential_view","ciAdmin","system",'',"2020-06-25 17:13:58",NULL);
REPLACE INTO  `T_AUTH_GROUP_PERSSION` (`ID`, `AUTH_ACTION`, `GROUP_CODE`, `CREATE_USER`, `UPDATE_USER`, `CREATE_TIME`, `UPDATE_TIME`) VALUES  ("6f4d8072e5164f548af4c9600af7cf0c","credential_edit","ciAdmin","system",'',"2020-06-25 17:13:58",NULL);
REPLACE INTO  `T_AUTH_GROUP_PERSSION` (`ID`, `AUTH_ACTION`, `GROUP_CODE`, `CREATE_USER`, `UPDATE_USER`, `CREATE_TIME`, `UPDATE_TIME`) VALUES  ("6aecf1fe99f0454080f7f65f6568121d","credential_create","ciAdmin","system",'',"2020-06-25 17:13:58",NULL);
REPLACE INTO  `T_AUTH_GROUP_PERSSION` (`ID`, `AUTH_ACTION`, `GROUP_CODE`, `CREATE_USER`, `UPDATE_USER`, `CREATE_TIME`, `UPDATE_TIME`) VALUES  ("18476e40f7fb4d25a086317fdadc6e17","credential_delete","ciAdmin","system",'',"2020-06-25 17:13:58",NULL);
REPLACE INTO  `T_AUTH_GROUP_PERSSION` (`ID`, `AUTH_ACTION`, `GROUP_CODE`, `CREATE_USER`, `UPDATE_USER`, `CREATE_TIME`, `UPDATE_TIME`) VALUES  ("40ce7c43ca0c4aee937e23168302239e","credential_use","ciAdmin","system",'',"2020-06-25 17:13:58",NULL);
REPLACE INTO  `T_AUTH_GROUP_PERSSION` (`ID`, `AUTH_ACTION`, `GROUP_CODE`, `CREATE_USER`, `UPDATE_USER`, `CREATE_TIME`, `UPDATE_TIME`) VALUES  ("e82a54bb1c524b9bba10cb16c83a6365","environment_view","ciAdmin","system",'',"2020-06-25 17:13:58",NULL);
REPLACE INTO  `T_AUTH_GROUP_PERSSION` (`ID`, `AUTH_ACTION`, `GROUP_CODE`, `CREATE_USER`, `UPDATE_USER`, `CREATE_TIME`, `UPDATE_TIME`) VALUES  ("5bb762cc7aa44b2fb26afe4131b1242f","environment_edit","ciAdmin","system",'',"2020-06-25 17:13:58",NULL);
REPLACE INTO  `T_AUTH_GROUP_PERSSION` (`ID`, `AUTH_ACTION`, `GROUP_CODE`, `CREATE_USER`, `UPDATE_USER`, `CREATE_TIME`, `UPDATE_TIME`) VALUES  ("d3ee469b8c324e2ba8a15c03d5101e67","environment_create","ciAdmin","system",'',"2020-06-25 17:13:58",NULL);
REPLACE INTO  `T_AUTH_GROUP_PERSSION` (`ID`, `AUTH_ACTION`, `GROUP_CODE`, `CREATE_USER`, `UPDATE_USER`, `CREATE_TIME`, `UPDATE_TIME`) VALUES  ("ed99b3b3d4804213b69d6c147a1b06f9","environment_delete","ciAdmin","system",'',"2020-06-25 17:13:58",NULL);
REPLACE INTO  `T_AUTH_GROUP_PERSSION` (`ID`, `AUTH_ACTION`, `GROUP_CODE`, `CREATE_USER`, `UPDATE_USER`, `CREATE_TIME`, `UPDATE_TIME`) VALUES  ("ce50200212e04d0583ed3e5f2e9f01f3","environment_use","ciAdmin","system",'',"2020-06-25 17:13:58",NULL);
REPLACE INTO  `T_AUTH_GROUP_PERSSION` (`ID`, `AUTH_ACTION`, `GROUP_CODE`, `CREATE_USER`, `UPDATE_USER`, `CREATE_TIME`, `UPDATE_TIME`) VALUES  ("4536e49cd3bc493682b341c1c23ca660","node_view","ciAdmin","system",'',"2020-06-25 17:13:58",NULL);
REPLACE INTO  `T_AUTH_GROUP_PERSSION` (`ID`, `AUTH_ACTION`, `GROUP_CODE`, `CREATE_USER`, `UPDATE_USER`, `CREATE_TIME`, `UPDATE_TIME`) VALUES  ("fa11f19c60194763a60d7b70bc58adaf","node_edit","ciAdmin","system",'',"2020-06-25 17:13:58",NULL);
REPLACE INTO  `T_AUTH_GROUP_PERSSION` (`ID`, `AUTH_ACTION`, `GROUP_CODE`, `CREATE_USER`, `UPDATE_USER`, `CREATE_TIME`, `UPDATE_TIME`) VALUES  ("3ab6baa47c8f4aada46bf5272b700b71","node_create","ciAdmin","system",'',"2020-06-25 17:13:58",NULL);
REPLACE INTO  `T_AUTH_GROUP_PERSSION` (`ID`, `AUTH_ACTION`, `GROUP_CODE`, `CREATE_USER`, `UPDATE_USER`, `CREATE_TIME`, `UPDATE_TIME`) VALUES  ("aed4275ee6f948f9a6049ffa6da35593","node_delete","ciAdmin","system",'',"2020-06-25 17:13:58",NULL);
REPLACE INTO  `T_AUTH_GROUP_PERSSION` (`ID`, `AUTH_ACTION`, `GROUP_CODE`, `CREATE_USER`, `UPDATE_USER`, `CREATE_TIME`, `UPDATE_TIME`) VALUES  ("1bc8bc33341149f78a049e1a43c99f20","node_use","ciAdmin","system",'',"2020-06-25 17:13:58",NULL);

REPLACE INTO  T_AUTH_RESOURCE_TYPE (RESOURCE_TYPE, NAME, ENGLISH_NAME, `DESC`, ENGLISH_DESC, PARENT, `SYSTEM`, CREATE_USER, UPDATE_USER, `DELETE`) VALUES 
        ('project', '项目', 'Project', '项目', 'Project', 'project', 'bk_ci_rbac', 'system', null, 0),
        ('pipeline', '流水线', 'Pipeline', '流水线', 'Pipeline', 'project', 'bk_ci_rbac', 'system', null, 0),
        ('pipeline_group', '流水线组', 'Pipeline Group', '流水线组', 'Pipeline Group', 'project', 'bk_ci_rbac', 'system', null, 0),
        ('repertory', '代码库', 'Repository', '代码库', 'Repository', 'project', 'bk_ci_rbac', 'system', null, 0),
        ('credential', '凭据', 'Credential', '凭据', 'Credential', 'project', 'bk_ci_rbac', 'system', null, 0),
        ('cert', '证书', 'Cert', '证书', 'Cert', 'project', 'bk_ci_rbac', 'system', null, 0),
        ('environment', '环境', 'Environment', '环境', 'Environment', 'project', 'bk_ci_rbac', 'system', null, 0),
        ('env_node', '节点', 'Node', '节点', 'Node', 'project', 'bk_ci_rbac', 'system', null, 0),
        ('experience_task', '版本体验任务', 'Experience Task', '版本体验任务', 'Experience Task', 'project', 'bk_ci_rbac', 'system', null, 0),
        ('experience_group', '版本体验用户组', 'Experience Group', '版本体验用户组', 'Experience Group', 'project', 'bk_ci_rbac', 'system', null, 0),
        ('rule', '质量红线规则', 'Andon Rule', '质量红线规则', 'Andon Rule', 'project', 'bk_ci_rbac', 'system', null, 0),
        ('quality_group', '质量红线通知组', 'Andon Notice Group', '质量红线通知组', 'Andon Notice Group', 'project', 'bk_ci_rbac', 'system', null, 0),
        ('codecc_rule_set', 'CodeCC规则集', 'Codecc Rule Set', 'CodeCC规则集', 'Codecc Rule Set', 'project', 'bk_ci_rbac', 'system', null, 0),
        ('codecc_task', 'CodeCC任务', 'Codecc Task', 'CodeCC任务', 'Codecc Task', 'project', 'bk_ci_rbac', 'system',null, 0),
        ('codecc_ignore_type', 'CodeCC忽略类型', 'Codecc Ignore Type', 'CodeCC忽略类型', 'Codecc Ignore Type', 'project', 'bk_ci_rbac', 'system',null, 0);
REPLACE INTO  T_AUTH_ACTION(`ACTION`, RESOURCE_TYPE, RELATED_RESOURCE_TYPE, ACTION_NAME, ENGLISH_NAME, CREATE_USER, `DELETE`, ACTION_TYPE) VALUES  
        ('project_visit', 'project', 'project', '访问项目', 'Project Visit', 'system', 0, 'view'),
        ('project_view', 'project', 'project', '查看项目', 'Project View', 'system', 0, 'view'),
        ('project_edit', 'project', 'project', '编辑项目', 'Project Edit', 'system', 0, 'edit'),
        ('project_enable', 'project', 'project', '禁用/启用项目', 'Project Enable', 'system', 0, 'edit'),
        ('project_list', 'project', 'project', '项目列表', 'Project List', 'system', 0, 'view'),
        ('project_manage', 'project', 'project', '项目权限管理', 'Project Manage', 'system', 0, 'edit'),

        ('pipeline_view', 'pipeline', 'pipeline', '查看流水线', 'Pipeline View', 'system', 0, 'view'),
        ('pipeline_edit', 'pipeline', 'pipeline', '编辑流水线', 'Pipeline Edit', 'system', 0, 'edit'),
        ('pipeline_delete', 'pipeline', 'pipeline', '删除流水线', 'Pipeline Delete', 'system', 0, 'delete'),
        ('pipeline_create', 'pipeline',  'project', '创建流水线', 'Pipeline Create', 'system', 0, 'create'),
        ('pipeline_execute', 'pipeline', 'pipeline', '执行流水线', 'Pipeline Execute', 'system', 0, 'execute'),
        ('pipeline_download', 'pipeline', 'pipeline', '下载制品', 'Pipeline Download', 'system', 0, 'execute'),
        ('pipeline_share', 'pipeline', 'pipeline', '分享制品', 'Pipeline Share', 'system', 0, 'execute'),
        ('pipeline_list', 'pipeline', 'pipeline', '流水线列表', 'Pipeline List', 'system', 0, 'view'),
        ('pipeline_manage', 'pipeline', 'pipeline', '流水线权限管理', 'Pipeline Manage', 'system', 0, 'edit'),

        ('codecc_task_analyze', 'codecc_task', 'codecc_task', '分析任务', 'CodeCC Task Analyze', 'system', 0, 'execute'),
        ('codecc_task_manage-defect', 'codecc_task', 'codecc_task', '问题管理', 'CodeCC Task Manage Defect', 'system', 0, 'edit'),
        ('codecc_task_view-defect', 'codecc_task', 'codecc_task', '查看问题列表和详情', 'CodeCC Defect Detail View', 'system', 0, 'view'),
        ('codecc_task_view-report', 'codecc_task', 'codecc_task', '查看报表', 'CodeCC Task Report View', 'system', 0, 'view'),
        ('codecc_task_create', 'codecc_task', 'project', '新建任务', 'CodeCC Task Create', 'system', 0, 'create'),
        ('codecc_task_list', 'codecc_task', 'project', '任务列表', 'CodeCC Task List', 'system', 0, 'view'),
        ('codecc_task_setting', 'codecc_task', 'codecc_task', '任务设置', 'CodeCC Task Setting', 'system', 0, 'edit'),
        ('codecc_task_manage-permissions', 'codecc_task', 'codecc_task', '任务权限管理', 'CodeCC Task Manage Permissions', 'system', 0, 'edit'),

        ('codecc_rule_set_create', 'codecc_rule_set', 'project', '规则集创建', 'CodeCC Rule Set Create', 'system', 0, 'create'),
        ('codecc_rule_set_list', 'codecc_rule_set', 'project', '规则集列表', 'CodeCC Rule Set List', 'system', 0, 'view'),

        ('codecc_ignore_type_manage', 'codecc_ignore_type', 'project', '忽略配置', 'CodeCC Ignore Type Manage', 'system', 0, 'edit'),

        ('repertory_create', 'repertory', 'project', '关联代码库', 'Repository Create', 'system', 0, 'create'),
        ('repertory_view', 'repertory', 'repertory', '查看代码库', 'Repository View', 'system', 0, 'view'),
        ('repertory_edit', 'repertory', 'repertory', '编辑代码库', 'Repository Edit', 'system', 0, 'edit'),
        ('repertory_delete', 'repertory', 'repertory', '删除代码库', 'Repository Delete', 'system', 0, 'delete'),
        ('repertory_use', 'repertory', 'repertory', '使用代码库', 'Repository Use', 'system', 0, 'execute'),
        ('repertory_list', 'repertory', 'repertory', '代码库列表', 'Repository List', 'system', 0, 'view'),

        ('credential_view', 'credential', 'credential', '查看凭据', 'Credential View', 'system', 0, 'view'),
        ('credential_edit', 'credential', 'credential', '编辑凭据', 'Credential Edit', 'system', 0, 'edit'),
        ('credential_create', 'credential', 'project', '创建凭据', 'Credential Create', 'system', 0, 'create'),
        ('credential_delete', 'credential', 'credential', '删除凭据', 'Credential Delete', 'system', 0, 'delete'),
        ('credential_use', 'credential', 'credential', '使用凭据', 'Credential Use', 'system', 0, 'execute'),
        ('credential_list', 'credential', 'credential', '凭据列表', 'Credential List', 'system', 0, 'view'),

        ('cert_view', 'cert', 'cert', '查看证书', 'Cert View', 'system', 0, 'view'),
        ('cert_edit', 'cert', 'cert', '编辑证书', 'Cert Edit', 'system', 0, 'edit'),
        ('cert_create', 'cert', 'project', '创建证书', 'Cert Create', 'system', 0, 'create'),
        ('cert_delete', 'cert', 'cert', '删除证书', 'Cert Delete', 'system', 0, 'delete'),
        ('cert_use', 'cert', 'cert', '使用证书', 'Cert Use', 'system', 0, 'execute'),
        ('cert_list', 'cert', 'cert', '证书列表', 'Cert List', 'system', 0, 'view'),

        ('environment_view', 'environment', 'environment', '查看环境', 'Environment View', 'system', 0, 'view'),
        ('environment_edit', 'environment', 'environment', '编辑环境', 'Environment Edit', 'system', 0, 'edit'),
        ('environment_create', 'environment', 'project', '创建环境', 'Environment Create', 'system', 0, 'create'),
        ('environment_delete', 'environment', 'environment', '删除环境', 'Environment Delete', 'system', 0, 'delete'),
        ('environment_use', 'environment', 'environment', '使用环境', 'Environment Use', 'system', 0, 'execute'),
        ('environment_list', 'environment', 'environment', '环境列表', 'Environment List', 'system', 0, 'view'),

        ('env_node_view', 'env_node', 'env_node', '查看节点', 'Node View', 'system', 0, 'view'),
        ('env_node_edit', 'env_node', 'env_node', '编辑节点', 'Node Edit', 'system', 0, 'edit'),
        ('env_node_create', 'env_node', 'project', '创建节点', 'Node Create', 'system', 0, 'create'),
        ('env_node_delete', 'env_node', 'env_node', '删除节点', 'Node Delete', 'system', 0, 'delete'),
        ('env_node_use', 'env_node', 'env_node', '使用节点', 'Node Use', 'system', 0, 'execute'),
        ('env_node_list', 'env_node', 'env_node', '节点列表', 'Node List', 'system', 0, 'view'),

        ('experience_task_list', 'experience_task', 'experience_task','版本体验任务列表', 'Experience Task List', 'system', 0, 'view'),
        ('experience_task_create', 'experience_task', 'project' , '创建版本体验任务', 'Experience Task Create', 'system', 0, 'create'),
        ('experience_task_view', 'experience_task', 'experience_task' , '查看版本体验任务', 'Experience Task View', 'system', 0, 'view'),
        ('experience_task_delete', 'experience_task', 'experience_task' , '下架版本体验任务', 'Experience Task Delete', 'system', 0, 'delete'),
        ('experience_task_edit', 'experience_task', 'experience_task' , '编辑版本体验任务', 'Experience Task Edit', 'system', 0, 'edit'),

        ('experience_group_list', 'experience_group', 'experience_group', '版本体验用户组列表', 'Experience Group List', 'system', 0, 'view'),
        ('experience_group_create', 'experience_group', 'project', '创建版本体验用户组', 'Experience Group Create', 'system', 0, 'create'),
        ('experience_group_view', 'experience_group', 'experience_group', '查看版本体验用户组', 'Experience Group View', 'system', 0, 'view'),
        ('experience_group_delete', 'experience_group', 'experience_group', '删除版本体验用户组', 'Experience Group Delete', 'system', 0, 'delete'),
        ('experience_group_edit', 'experience_group', 'experience_group', '编辑版本体验用户组', 'Experience Group Edit', 'system', 0, 'edit'),

        ('rule_edit', 'rule', 'rule', '编辑质量红线规则', 'Andon Rule Edit', 'system', 0, 'edit'),
        ('rule_create', 'rule', 'project', '创建质量红线规则', 'Andon Rule Create', 'system', 0, 'create'),
        ('rule_delete', 'rule', 'rule', '删除质量红线规则', 'Andon Rule Delete', 'system', 0, 'delete'),
        ('rule_enable', 'rule', 'rule', '启用/停用质量红线规则', 'Andon Rule Enable', 'system', 0, 'execute'),
        ('rule_list', 'rule', 'project', '质量红线规则列表', 'Andon Rule List', 'system', 0, 'view'),

        ('quality_group_edit', 'quality_group', 'quality_group', '编辑质量红线规则用户组', 'Andon Notice Group Edit', 'system', 0, 'edit'),
        ('quality_group_create', 'quality_group', 'project', '创建质量红线规则用户组', 'Andon Notice Group Create', 'system', 0, 'create'),
        ('quality_group_delete', 'quality_group', 'quality_group', '删除质量红线规则用户组', 'Andon Notice Group Delete', 'system', 0, 'delete'),
        ('quality_group_list', 'quality_group', 'project', '质量红线规则用户组列表', 'Andon Notice Group List', 'system', 0, 'view');

REPLACE INTO T_AUTH_RESOURCE_GROUP_CONFIG(`RESOURCE_TYPE`, `GROUP_CODE`, `GROUP_NAME`, `CREATE_MODE`, `DESCRIPTION`, `AUTHORIZATION_SCOPES`, `ACTIONS`) values("credential", "manager", "owner", 0, 'The credentials owner has all the operation permissions of the current credential', '[{\"system\":\"#system#\",\"actions\":[{\"id\":\"project_visit\"}],\"resources\":[{\"system\":\"#system#\",\"type\":\"project\",\"paths\":[[{\"system\":\"#system#\",\"type\":\"project\",\"id\":\"#projectId#\",\"name\":\"#projectName#\"}]]}]},{\"system\":\"#system#\",\"actions\":[{\"id\":\"credential_view\"},{\"id\":\"credential_edit\"},{\"id\":\"credential_delete\"},{\"id\":\"credential_list\"},{\"id\":\"credential_use\"}],\"resources\":[{\"system\":\"#system#\",\"type\":\"credential\",\"paths\":[[{\"system\":\"#system#\",\"type\":\"project\",\"id\":\"#projectId#\",\"name\":\"#projectName#\"},{\"system\":\"#system#\",\"type\":\"credential\",\"id\":\"#resourceCode#\",\"name\":\"#resourceName#\"}]]}]}]', '[\"credential_view\",\"credential_edit\",\"credential_delete\",\"credential_list\",\"credential_use\"]');
REPLACE INTO T_AUTH_RESOURCE_GROUP_CONFIG(`RESOURCE_TYPE`, `GROUP_CODE`, `GROUP_NAME`, `CREATE_MODE`, `DESCRIPTION`, `AUTHORIZATION_SCOPES`, `ACTIONS`) values("credential", "user", "user", 0, 'Credential consumer, can use this credential in the pipeline', '[{\"system\":\"#system#\",\"actions\":[{\"id\":\"project_visit\"}],\"resources\":[{\"system\":\"#system#\",\"type\":\"project\",\"paths\":[[{\"system\":\"#system#\",\"type\":\"project\",\"id\":\"#projectId#\",\"name\":\"#projectName#\"}]]}]},{\"system\":\"#system#\",\"actions\":[{\"id\":\"credential_view\"},{\"id\":\"credential_list\"},{\"id\":\"credential_use\"}],\"resources\":[{\"system\":\"#system#\",\"type\":\"credential\",\"paths\":[[{\"system\":\"#system#\",\"type\":\"project\",\"id\":\"#projectId#\",\"name\":\"#projectName#\"},{\"system\":\"#system#\",\"type\":\"credential\",\"id\":\"#resourceCode#\",\"name\":\"#resourceName#\"}]]}]}]', '[\"credential_view\",\"credential_list\",\"credential_use\"]');
REPLACE INTO T_AUTH_RESOURCE_GROUP_CONFIG(`RESOURCE_TYPE`, `GROUP_CODE`, `GROUP_NAME`, `CREATE_MODE`, `DESCRIPTION`, `AUTHORIZATION_SCOPES`, `ACTIONS`) values("cert", "manager", "owner", 0, 'The certificate owner has all the operation permissions of the current certificate', '[{\"system\":\"#system#\",\"actions\":[{\"id\":\"project_visit\"}],\"resources\":[{\"system\":\"#system#\",\"type\":\"project\",\"paths\":[[{\"system\":\"#system#\",\"type\":\"project\",\"id\":\"#projectId#\",\"name\":\"#projectName#\"}]]}]},{\"system\":\"#system#\",\"actions\":[{\"id\":\"cert_view\"},{\"id\":\"cert_edit\"},{\"id\":\"cert_delete\"},{\"id\":\"cert_list\"},{\"id\":\"cert_use\"}],\"resources\":[{\"system\":\"#system#\",\"type\":\"cert\",\"paths\":[[{\"system\":\"#system#\",\"type\":\"project\",\"id\":\"#projectId#\",\"name\":\"#projectName#\"},{\"system\":\"#system#\",\"type\":\"cert\",\"id\":\"#resourceCode#\",\"name\":\"#resourceName#\"}]]}]}]', '[\"cert_view\",\"cert_edit\",\"cert_delete\",\"cert_list\",\"cert_use\"]');
REPLACE INTO T_AUTH_RESOURCE_GROUP_CONFIG(`RESOURCE_TYPE`, `GROUP_CODE`, `GROUP_NAME`, `CREATE_MODE`, `DESCRIPTION`, `AUTHORIZATION_SCOPES`, `ACTIONS`) values("cert", "user", "user", 0, 'Certificate consumer, can use this certificate in the pipeline', '[{\"system\":\"#system#\",\"actions\":[{\"id\":\"project_visit\"}],\"resources\":[{\"system\":\"#system#\",\"type\":\"project\",\"paths\":[[{\"system\":\"#system#\",\"type\":\"project\",\"id\":\"#projectId#\",\"name\":\"#projectName#\"}]]}]},{\"system\":\"#system#\",\"actions\":[{\"id\":\"cert_view\"},{\"id\":\"cert_list\"},{\"id\":\"cert_use\"}],\"resources\":[{\"system\":\"#system#\",\"type\":\"cert\",\"paths\":[[{\"system\":\"#system#\",\"type\":\"project\",\"id\":\"#projectId#\",\"name\":\"#projectName#\"},{\"system\":\"#system#\",\"type\":\"cert\",\"id\":\"#resourceCode#\",\"name\":\"#resourceName#\"}]]}]}]', '[\"cert_view\",\"cert_list\",\"cert_use\"]');
REPLACE INTO T_AUTH_RESOURCE_GROUP_CONFIG(`RESOURCE_TYPE`, `GROUP_CODE`, `GROUP_NAME`, `CREATE_MODE`, `DESCRIPTION`, `AUTHORIZATION_SCOPES`, `ACTIONS`) values("repertory", "manager", "owner", 0, 'The repository owner has all the operation permissions of the current repository', '[{\"system\":\"#system#\",\"actions\":[{\"id\":\"project_visit\"}],\"resources\":[{\"system\":\"#system#\",\"type\":\"project\",\"paths\":[[{\"system\":\"#system#\",\"type\":\"project\",\"id\":\"#projectId#\",\"name\":\"#projectName#\"}]]}]},{\"system\":\"#system#\",\"actions\":[{\"id\":\"repertory_view\"},{\"id\":\"repertory_edit\"},{\"id\":\"repertory_delete\"},{\"id\":\"repertory_list\"},{\"id\":\"repertory_use\"}],\"resources\":[{\"system\":\"#system#\",\"type\":\"repertory\",\"paths\":[[{\"system\":\"#system#\",\"type\":\"project\",\"id\":\"#projectId#\",\"name\":\"#projectName#\"},{\"system\":\"#system#\",\"type\":\"repertory\",\"id\":\"#resourceCode#\",\"name\":\"#resourceName#\"}]]}]}]', '[\"repertory_view\",\"repertory_edit\",\"repertory_delete\",\"repertory_list\",\"repertory_use\"]');
REPLACE INTO T_AUTH_RESOURCE_GROUP_CONFIG(`RESOURCE_TYPE`, `GROUP_CODE`, `GROUP_NAME`, `CREATE_MODE`, `DESCRIPTION`, `AUTHORIZATION_SCOPES`, `ACTIONS`) values("repertory", "user", "user", 0, 'Repository consumer, can use this repository in the pipeline', '[{\"system\":\"#system#\",\"actions\":[{\"id\":\"project_visit\"}],\"resources\":[{\"system\":\"#system#\",\"type\":\"project\",\"paths\":[[{\"system\":\"#system#\",\"type\":\"project\",\"id\":\"#projectId#\",\"name\":\"#projectName#\"}]]}]},{\"system\":\"#system#\",\"actions\":[{\"id\":\"repertory_view\"},{\"id\":\"repertory_list\"},{\"id\":\"repertory_use\"}],\"resources\":[{\"system\":\"#system#\",\"type\":\"repertory\",\"paths\":[[{\"system\":\"#system#\",\"type\":\"project\",\"id\":\"#projectId#\",\"name\":\"#projectName#\"},{\"system\":\"#system#\",\"type\":\"repertory\",\"id\":\"#resourceCode#\",\"name\":\"#resourceName#\"}]]}]}]', '[\"repertory_view\",\"repertory_list\",\"repertory_use\"]');
REPLACE INTO T_AUTH_RESOURCE_GROUP_CONFIG(`RESOURCE_TYPE`, `GROUP_CODE`, `GROUP_NAME`, `CREATE_MODE`, `DESCRIPTION`, `AUTHORIZATION_SCOPES`, `ACTIONS`) values("environment", "manager", "owner", 0, 'The build env owner has all the operation permissions of the current build env', '[{\"system\":\"#system#\",\"actions\":[{\"id\":\"project_visit\"}],\"resources\":[{\"system\":\"#system#\",\"type\":\"project\",\"paths\":[[{\"system\":\"#system#\",\"type\":\"project\",\"id\":\"#projectId#\",\"name\":\"#projectName#\"}]]}]},{\"system\":\"#system#\",\"actions\":[{\"id\":\"environment_view\"},{\"id\":\"environment_edit\"},{\"id\":\"environment_delete\"},{\"id\":\"environment_list\"},{\"id\":\"environment_use\"}],\"resources\":[{\"system\":\"#system#\",\"type\":\"environment\",\"paths\":[[{\"system\":\"#system#\",\"type\":\"project\",\"id\":\"#projectId#\",\"name\":\"#projectName#\"},{\"system\":\"#system#\",\"type\":\"environment\",\"id\":\"#resourceCode#\",\"name\":\"#resourceName#\"}]]}]}]', '[\"environment_view\",\"environment_edit\",\"environment_delete\",\"environment_list\",\"environment_use\"]');
REPLACE INTO T_AUTH_RESOURCE_GROUP_CONFIG(`RESOURCE_TYPE`, `GROUP_CODE`, `GROUP_NAME`, `CREATE_MODE`, `DESCRIPTION`, `AUTHORIZATION_SCOPES`, `ACTIONS`) values("environment", "user", "user", 0, 'Build env consumer, can use this env in the pipeline', '[{\"system\":\"#system#\",\"actions\":[{\"id\":\"project_visit\"}],\"resources\":[{\"system\":\"#system#\",\"type\":\"project\",\"paths\":[[{\"system\":\"#system#\",\"type\":\"project\",\"id\":\"#projectId#\",\"name\":\"#projectName#\"}]]}]},{\"system\":\"#system#\",\"actions\":[{\"id\":\"environment_view\"},{\"id\":\"environment_list\"},{\"id\":\"environment_use\"}],\"resources\":[{\"system\":\"#system#\",\"type\":\"environment\",\"paths\":[[{\"system\":\"#system#\",\"type\":\"project\",\"id\":\"#projectId#\",\"name\":\"#projectName#\"},{\"system\":\"#system#\",\"type\":\"environment\",\"id\":\"#resourceCode#\",\"name\":\"#resourceName#\"}]]}]}]', '[\"environment_view\",\"environment_list\",\"environment_use\"]');
REPLACE INTO T_AUTH_RESOURCE_GROUP_CONFIG(`RESOURCE_TYPE`, `GROUP_CODE`, `GROUP_NAME`, `CREATE_MODE`, `DESCRIPTION`, `AUTHORIZATION_SCOPES`, `ACTIONS`) values("env_node", "manager", "owner", 0, 'The agent owner has all the operation permissions of the current agent', '[{\"system\":\"#system#\",\"actions\":[{\"id\":\"project_visit\"}],\"resources\":[{\"system\":\"#system#\",\"type\":\"project\",\"paths\":[[{\"system\":\"#system#\",\"type\":\"project\",\"id\":\"#projectId#\",\"name\":\"#projectName#\"}]]}]},{\"system\":\"#system#\",\"actions\":[{\"id\":\"env_node_view\"},{\"id\":\"env_node_edit\"},{\"id\":\"env_node_delete\"},{\"id\":\"env_node_list\"},{\"id\":\"env_node_use\"}],\"resources\":[{\"system\":\"#system#\",\"type\":\"env_node\",\"paths\":[[{\"system\":\"#system#\",\"type\":\"project\",\"id\":\"#projectId#\",\"name\":\"#projectName#\"},{\"system\":\"#system#\",\"type\":\"env_node\",\"id\":\"#resourceCode#\",\"name\":\"#resourceName#\"}]]}]}]', '[\"env_node_view\",\"env_node_edit\",\"env_node_delete\",\"env_node_list\",\"env_node_use\"]');
REPLACE INTO T_AUTH_RESOURCE_GROUP_CONFIG(`RESOURCE_TYPE`, `GROUP_CODE`, `GROUP_NAME`, `CREATE_MODE`, `DESCRIPTION`, `AUTHORIZATION_SCOPES`, `ACTIONS`) values("env_node", "user", "user", 0, 'Agent consumer, can use this agent in the pipeline' ,'[{\"system\":\"#system#\",\"actions\":[{\"id\":\"project_visit\"}],\"resources\":[{\"system\":\"#system#\",\"type\":\"project\",\"paths\":[[{\"system\":\"#system#\",\"type\":\"project\",\"id\":\"#projectId#\",\"name\":\"#projectName#\"}]]}]},{\"system\":\"#system#\",\"actions\":[{\"id\":\"env_node_view\"},{\"id\":\"env_node_list\"},{\"id\":\"env_node_use\"}],\"resources\":[{\"system\":\"#system#\",\"type\":\"env_node\",\"paths\":[[{\"system\":\"#system#\",\"type\":\"project\",\"id\":\"#projectId#\",\"name\":\"#projectName#\"},{\"system\":\"#system#\",\"type\":\"env_node\",\"id\":\"#resourceCode#\",\"name\":\"#resourceName#\"}]]}]}]', '[\"env_node_view\",\"env_node_list\",\"env_node_use\"]');
REPLACE INTO T_AUTH_RESOURCE_GROUP_CONFIG(`RESOURCE_TYPE`, `GROUP_CODE`, `GROUP_NAME`, `CREATE_MODE`, `DESCRIPTION`, `AUTHORIZATION_SCOPES`, `ACTIONS`) values("rule", "manager", "owner", 0, 'The quality rule owner has all the operation permissions of the current quality rule' , '[{\"system\":\"#system#\",\"actions\":[{\"id\":\"project_visit\"}],\"resources\":[{\"system\":\"#system#\",\"type\":\"project\",\"paths\":[[{\"system\":\"#system#\",\"type\":\"project\",\"id\":\"#projectId#\",\"name\":\"#projectName#\"}]]}]},{\"system\":\"#system#\",\"actions\":[{\"id\":\"rule_list\"}],\"resources\":[{\"system\":\"#system#\",\"type\":\"project\",\"paths\":[[{\"system\":\"#system#\",\"type\":\"project\",\"id\":\"#projectId#\",\"name\":\"#projectName#\"}]]}]},{\"system\":\"#system#\",\"actions\":[{\"id\":\"rule_edit\"},{\"id\":\"rule_delete\"},{\"id\":\"rule_enable\"}],\"resources\":[{\"system\":\"#system#\",\"type\":\"rule\",\"paths\":[[{\"system\":\"#system#\",\"type\":\"project\",\"id\":\"#projectId#\",\"name\":\"#projectName#\"},{\"system\":\"#system#\",\"type\":\"rule\",\"id\":\"#resourceCode#\",\"name\":\"#resourceName#\"}]]}]}]', '[\"rule_list\",\"rule_edit\",\"rule_delete\",\"rule_enable\"]');
REPLACE INTO T_AUTH_RESOURCE_GROUP_CONFIG(`RESOURCE_TYPE`, `GROUP_CODE`, `GROUP_NAME`, `CREATE_MODE`, `DESCRIPTION`, `AUTHORIZATION_SCOPES`, `ACTIONS`) values("quality_group", "manager", "owner", 0, 'The quality group owner has all the operation permissions of the quality group', '[{\"system\":\"#system#\",\"actions\":[{\"id\":\"project_visit\"}],\"resources\":[{\"system\":\"#system#\",\"type\":\"project\",\"paths\":[[{\"system\":\"#system#\",\"type\":\"project\",\"id\":\"#projectId#\",\"name\":\"#projectName#\"}]]}]},{\"system\":\"#system#\",\"actions\":[{\"id\":\"quality_group_list\"}],\"resources\":[{\"system\":\"#system#\",\"type\":\"project\",\"paths\":[[{\"system\":\"#system#\",\"type\":\"project\",\"id\":\"#projectId#\",\"name\":\"#projectName#\"}]]}]},{\"system\":\"#system#\",\"actions\":[{\"id\":\"quality_group_edit\"},{\"id\":\"quality_group_delete\"}],\"resources\":[{\"system\":\"#system#\",\"type\":\"quality_group\",\"paths\":[[{\"system\":\"#system#\",\"type\":\"project\",\"id\":\"#projectId#\",\"name\":\"#projectName#\"},{\"system\":\"#system#\",\"type\":\"quality_group\",\"id\":\"#resourceCode#\",\"name\":\"#resourceName#\"}]]}]}]', '[\"quality_group_list\",\"quality_group_edit\",\"quality_group_delete\"]');
REPLACE INTO T_AUTH_RESOURCE_GROUP_CONFIG(`RESOURCE_TYPE`, `GROUP_CODE`, `GROUP_NAME`, `CREATE_MODE`, `DESCRIPTION`, `AUTHORIZATION_SCOPES`, `ACTIONS`) values("experience_task", "manager", "owner", 0, 'The version experience owner has all the operation permissions of the current version experience', '[{\"system\":\"#system#\",\"actions\":[{\"id\":\"project_visit\"}],\"resources\":[{\"system\":\"#system#\",\"type\":\"project\",\"paths\":[[{\"system\":\"#system#\",\"type\":\"project\",\"id\":\"#projectId#\",\"name\":\"#projectName#\"}]]}]},{\"system\":\"#system#\",\"actions\":[{\"id\":\"experience_task_view\"},{\"id\":\"experience_task_edit\"},{\"id\":\"experience_task_delete\"},{\"id\":\"experience_task_list\"}],\"resources\":[{\"system\":\"#system#\",\"type\":\"experience_task\",\"paths\":[[{\"system\":\"#system#\",\"type\":\"project\",\"id\":\"#projectId#\",\"name\":\"#projectName#\"},{\"system\":\"#system#\",\"type\":\"experience_task\",\"id\":\"#resourceCode#\",\"name\":\"#resourceName#\"}]]}]}]', '[\"experience_task_view\",\"experience_task_edit\",\"experience_task_delete\",\"experience_task_list\"]');
REPLACE INTO T_AUTH_RESOURCE_GROUP_CONFIG(`RESOURCE_TYPE`, `GROUP_CODE`, `GROUP_NAME`, `CREATE_MODE`, `DESCRIPTION`, `AUTHORIZATION_SCOPES`, `ACTIONS`) values("experience_group", "manager", "owner", 0, 'The version experience group owner has all the operation permissions of the current group', '[{\"system\":\"#system#\",\"actions\":[{\"id\":\"project_visit\"}],\"resources\":[{\"system\":\"#system#\",\"type\":\"project\",\"paths\":[[{\"system\":\"#system#\",\"type\":\"project\",\"id\":\"#projectId#\",\"name\":\"#projectName#\"}]]}]},{\"system\":\"#system#\",\"actions\":[{\"id\":\"experience_group_view\"},{\"id\":\"experience_group_edit\"},{\"id\":\"experience_group_delete\"},{\"id\":\"experience_group_list\"}],\"resources\":[{\"system\":\"#system#\",\"type\":\"experience_group\",\"paths\":[[{\"system\":\"#system#\",\"type\":\"project\",\"id\":\"#projectId#\",\"name\":\"#projectName#\"},{\"system\":\"#system#\",\"type\":\"experience_group\",\"id\":\"#resourceCode#\",\"name\":\"#resourceName#\"}]]}]}]', '[\"experience_group_view\",\"experience_group_edit\",\"experience_group_delete\",\"experience_group_list\"]');

REPLACE INTO T_AUTH_RESOURCE_GROUP_CONFIG(`RESOURCE_TYPE`, `GROUP_CODE`, `GROUP_NAME`, `CREATE_MODE`, `DESCRIPTION`, `AUTHORIZATION_SCOPES`, `ACTIONS`) values("pipeline", "manager", "owner", 0, 'Pipeline owner, who can manage the permissions of the current pipeline', '[{\"system\":\"#system#\",\"actions\":[{\"id\":\"project_visit\"}],\"resources\":[{\"system\":\"#system#\",\"type\":\"project\",\"paths\":[[{\"system\":\"#system#\",\"type\":\"project\",\"id\":\"#projectId#\",\"name\":\"#projectName#\"}]]}]},{\"system\":\"#system#\",\"actions\":[{\"id\":\"pipeline_view\"},{\"id\":\"pipeline_edit\"},{\"id\":\"pipeline_delete\"},{\"id\":\"pipeline_execute\"},{\"id\":\"pipeline_list\"},{\"id\":\"pipeline_download\"},{\"id\":\"pipeline_share\"},{\"id\":\"pipeline_manage\"}],\"resources\":[{\"system\":\"#system#\",\"type\":\"pipeline\",\"paths\":[[{\"system\":\"#system#\",\"type\":\"project\",\"id\":\"#projectId#\",\"name\":\"#projectName#\"},{\"system\":\"#system#\",\"type\":\"pipeline\",\"id\":\"#resourceCode#\",\"name\":\"#resourceName#\"}]]}]}]', '[\"pipeline_view\",\"pipeline_edit\",\"pipeline_delete\",\"pipeline_execute\",\"pipeline_list\",\"pipeline_download\",\"pipeline_share\",\"pipeline_manage\"]');
REPLACE INTO T_AUTH_RESOURCE_GROUP_CONFIG(`RESOURCE_TYPE`, `GROUP_CODE`, `GROUP_NAME`, `CREATE_MODE`, `DESCRIPTION`, `AUTHORIZATION_SCOPES`, `ACTIONS`) values("pipeline", "editor", "editor", 0, 'Pipeline editor, who has all the permissions of the current pipeline except permission management', '[{\"system\":\"#system#\",\"actions\":[{\"id\":\"project_visit\"}],\"resources\":[{\"system\":\"#system#\",\"type\":\"project\",\"paths\":[[{\"system\":\"#system#\",\"type\":\"project\",\"id\":\"#projectId#\",\"name\":\"#projectName#\"}]]}]},{\"system\":\"#system#\",\"actions\":[{\"id\":\"pipeline_view\"},{\"id\":\"pipeline_edit\"},{\"id\":\"pipeline_delete\"},{\"id\":\"pipeline_execute\"},{\"id\":\"pipeline_list\"},{\"id\":\"pipeline_download\"},{\"id\":\"pipeline_share\"}],\"resources\":[{\"system\":\"#system#\",\"type\":\"pipeline\",\"paths\":[[{\"system\":\"#system#\",\"type\":\"project\",\"id\":\"#projectId#\",\"name\":\"#projectName#\"},{\"system\":\"#system#\",\"type\":\"pipeline\",\"id\":\"#resourceCode#\",\"name\":\"#resourceName#\"}]]}]}]', '[\"pipeline_view\",\"pipeline_edit\",\"pipeline_delete\",\"pipeline_execute\",\"pipeline_list\",\"pipeline_download\",\"pipeline_share\"]');
REPLACE INTO T_AUTH_RESOURCE_GROUP_CONFIG(`RESOURCE_TYPE`, `GROUP_CODE`, `GROUP_NAME`, `CREATE_MODE`, `DESCRIPTION`, `AUTHORIZATION_SCOPES`, `ACTIONS`) values("pipeline", "executor", "executor", 0, 'Pipeline executors, who can view and execute pipelines, download or share artifacts', '[{\"system\":\"#system#\",\"actions\":[{\"id\":\"project_visit\"}],\"resources\":[{\"system\":\"#system#\",\"type\":\"project\",\"paths\":[[{\"system\":\"#system#\",\"type\":\"project\",\"id\":\"#projectId#\",\"name\":\"#projectName#\"}]]}]},{\"system\":\"#system#\",\"actions\":[{\"id\":\"pipeline_view\"},{\"id\":\"pipeline_execute\"},{\"id\":\"pipeline_list\"},{\"id\":\"pipeline_download\"},{\"id\":\"pipeline_share\"}],\"resources\":[{\"system\":\"#system#\",\"type\":\"pipeline\",\"paths\":[[{\"system\":\"#system#\",\"type\":\"project\",\"id\":\"#projectId#\",\"name\":\"#projectName#\"},{\"system\":\"#system#\",\"type\":\"pipeline\",\"id\":\"#resourceCode#\",\"name\":\"#resourceName#\"}]]}]}]', '[\"pipeline_view\",\"pipeline_execute\",\"pipeline_list\",\"pipeline_download\",\"pipeline_share\"]');
REPLACE INTO T_AUTH_RESOURCE_GROUP_CONFIG(`RESOURCE_TYPE`, `GROUP_CODE`, `GROUP_NAME`, `CREATE_MODE`, `DESCRIPTION`, `AUTHORIZATION_SCOPES`, `ACTIONS`) values("pipeline", "viewer", "viewer", 0, 'Pipeline viewer, who can view pipelines, download or share artifacts', '[{\"system\":\"#system#\",\"actions\":[{\"id\":\"project_visit\"}],\"resources\":[{\"system\":\"#system#\",\"type\":\"project\",\"paths\":[[{\"system\":\"#system#\",\"type\":\"project\",\"id\":\"#projectId#\",\"name\":\"#projectName#\"}]]}]},{\"system\":\"#system#\",\"actions\":[{\"id\":\"pipeline_view\"},{\"id\":\"pipeline_list\"},{\"id\":\"pipeline_download\"},{\"id\":\"pipeline_share\"}],\"resources\":[{\"system\":\"#system#\",\"type\":\"pipeline\",\"paths\":[[{\"system\":\"#system#\",\"type\":\"project\",\"id\":\"#projectId#\",\"name\":\"#projectName#\"},{\"system\":\"#system#\",\"type\":\"pipeline\",\"id\":\"#resourceCode#\",\"name\":\"#resourceName#\"}]]}]}]', '[\"pipeline_view\",\"pipeline_list\",\"pipeline_download\",\"pipeline_share\"]');

REPLACE INTO T_AUTH_RESOURCE_GROUP_CONFIG(`RESOURCE_TYPE`, `GROUP_CODE`, `GROUP_NAME`, `CREATE_MODE`, `DESCRIPTION`, `AUTHORIZATION_SCOPES`, `ACTIONS`) values("pipeline_group", "manager", "owner", 0, 'abcdThe pipeline group administrator can manage the pipelines in the group, and add editors, executors, and viewers to the pipelines in the group in batchesefghjk', '[{\"system\":\"#system#\",\"actions\":[{\"id\":\"project_visit\"}],\"resources\":[{\"system\":\"#system#\",\"type\":\"project\",\"paths\":[[{\"system\":\"#system#\",\"type\":\"project\",\"id\":\"#projectId#\",\"name\":\"#projectName#\"}]]}]},{\"system\":\"#system#\",\"actions\":[{\"id\":\"pipeline_view\"},{\"id\":\"pipeline_edit\"},{\"id\":\"pipeline_delete\"},{\"id\":\"pipeline_execute\"},{\"id\":\"pipeline_list\"},{\"id\":\"pipeline_download\"},{\"id\":\"pipeline_share\"}],\"resources\":[{\"system\":\"#system#\",\"type\":\"pipeline\",\"paths\":[[{\"system\":\"#system#\",\"type\":\"project\",\"id\":\"#projectId#\",\"name\":\"#projectName#\"},{\"system\":\"#system#\",\"type\":\"pipeline_group\",\"id\":\"#resourceCode#\",\"name\":\"#resourceName#\"}]]}]}]', '[\"pipeline_group_edit\",\"pipeline_group_view\",\"pipeline_group_delete\",\"pipeline_group_list\",\"pipeline_list\",\"pipeline_group_add-remove\",\"pipeline_group_manage\"]');
REPLACE INTO T_AUTH_RESOURCE_GROUP_CONFIG(`RESOURCE_TYPE`, `GROUP_CODE`, `GROUP_NAME`, `CREATE_MODE`, `DESCRIPTION`, `AUTHORIZATION_SCOPES`, `ACTIONS`) values("pipeline_group", "editor", "editor", 1, 'Can view, edit, and execute pipelines in the group', '[{\"system\":\"#system#\",\"actions\":[{\"id\":\"project_visit\"}],\"resources\":[{\"system\":\"#system#\",\"type\":\"project\",\"paths\":[[{\"system\":\"#system#\",\"type\":\"project\",\"id\":\"#projectId#\",\"name\":\"#projectName#\"}]]}]},{\"system\":\"#system#\",\"actions\":[{\"id\":\"pipeline_view\"},{\"id\":\"pipeline_edit\"},{\"id\":\"pipeline_delete\"},{\"id\":\"pipeline_execute\"},{\"id\":\"pipeline_list\"},{\"id\":\"pipeline_download\"},{\"id\":\"pipeline_share\"}],\"resources\":[{\"system\":\"#system#\",\"type\":\"pipeline\",\"paths\":[[{\"system\":\"#system#\",\"type\":\"project\",\"id\":\"#projectId#\",\"name\":\"#projectName#\"},{\"system\":\"#system#\",\"type\":\"pipeline_group\",\"id\":\"#resourceCode#\",\"name\":\"#resourceName#\"}]]}]}]', '[]');
REPLACE INTO T_AUTH_RESOURCE_GROUP_CONFIG(`RESOURCE_TYPE`, `GROUP_CODE`, `GROUP_NAME`, `CREATE_MODE`, `DESCRIPTION`, `AUTHORIZATION_SCOPES`, `ACTIONS`) values("pipeline_group", "executor", "executor", 1, 'Can view and execute the pipelines in the group', '[{\"system\":\"#system#\",\"actions\":[{\"id\":\"project_visit\"}],\"resources\":[{\"system\":\"#system#\",\"type\":\"project\",\"paths\":[[{\"system\":\"#system#\",\"type\":\"project\",\"id\":\"#projectId#\",\"name\":\"#projectName#\"}]]}]},{\"system\":\"#system#\",\"actions\":[{\"id\":\"pipeline_view\"},{\"id\":\"pipeline_execute\"},{\"id\":\"pipeline_list\"},{\"id\":\"pipeline_download\"},{\"id\":\"pipeline_share\"}],\"resources\":[{\"system\":\"#system#\",\"type\":\"pipeline\",\"paths\":[[{\"system\":\"#system#\",\"type\":\"project\",\"id\":\"#projectId#\",\"name\":\"#projectName#\"},{\"system\":\"#system#\",\"type\":\"pipeline_group\",\"id\":\"#resourceCode#\",\"name\":\"#resourceName#\"}]]}]}]', '[]');
REPLACE INTO T_AUTH_RESOURCE_GROUP_CONFIG(`RESOURCE_TYPE`, `GROUP_CODE`, `GROUP_NAME`, `CREATE_MODE`, `DESCRIPTION`, `AUTHORIZATION_SCOPES`, `ACTIONS`) values("pipeline_group", "viewer", "viewer", 1, 'Can view the pipelines in the group', '[{\"system\":\"#system#\",\"actions\":[{\"id\":\"project_visit\"}],\"resources\":[{\"system\":\"#system#\",\"type\":\"project\",\"paths\":[[{\"system\":\"#system#\",\"type\":\"project\",\"id\":\"#projectId#\",\"name\":\"#projectName#\"}]]}]},{\"system\":\"#system#\",\"actions\":[{\"id\":\"pipeline_view\"},{\"id\":\"pipeline_list\"},{\"id\":\"pipeline_download\"},{\"id\":\"pipeline_share\"}],\"resources\":[{\"system\":\"#system#\",\"type\":\"pipeline\",\"paths\":[[{\"system\":\"#system#\",\"type\":\"project\",\"id\":\"#projectId#\",\"name\":\"#projectName#\"},{\"system\":\"#system#\",\"type\":\"pipeline_group\",\"id\":\"#resourceCode#\",\"name\":\"#resourceName#\"}]]}]}]', '[]');


REPLACE INTO T_AUTH_RESOURCE_GROUP_CONFIG(`RESOURCE_TYPE`, `GROUP_CODE`, `GROUP_NAME`, `CREATE_MODE`, `DESCRIPTION`, `AUTHORIZATION_SCOPES`, `ACTIONS`) values("project", "manager", "manager", 0, 'The project administrator has the operation and management rights of all resources under the project. Can add users to projects, remove users from projects, approve requests to join projects, and approve permission renewal requests for users in project-level user groups.', '[{\"system\":\"#system#\",\"actions\":[{\"id\":\"project_visit\"},{\"id\":\"project_view\"},{\"id\":\"project_edit\"},{\"id\":\"project_enable\"},{\"id\":\"project_list\"},{\"id\":\"project_manage\"},{\"id\":\"pipeline_create\"},{\"id\":\"codecc_task_create\"},{\"id\":\"codecc_task_list\"},{\"id\":\"codecc_rule_set_create\"},{\"id\":\"codecc_rule_set_list\"},{\"id\":\"repertory_create\"},{\"id\":\"credential_create\"},{\"id\":\"cert_create\"},{\"id\":\"environment_create\"},{\"id\":\"env_node_create\"},{\"id\":\"experience_task_create\"},{\"id\":\"experience_group_create\"},{\"id\":\"rule_create\"},{\"id\":\"rule_list\"},{\"id\":\"quality_group_create\"},{\"id\":\"quality_group_list\"}],\"resources\":[{\"system\":\"#system#\",\"type\":\"project\",\"paths\":[[{\"system\":\"#system#\",\"type\":\"project\",\"id\":\"#projectId#\",\"name\":\"#projectName#\"}]]}]},{\"system\":\"#system#\",\"actions\":[{\"id\":\"pipeline_view\"},{\"id\":\"pipeline_edit\"},{\"id\":\"pipeline_delete\"},{\"id\":\"pipeline_execute\"},{\"id\":\"pipeline_list\"},{\"id\":\"pipeline_download\"},{\"id\":\"pipeline_share\"},{\"id\":\"pipeline_manage\"}],\"resources\":[{\"system\":\"#system#\",\"type\":\"pipeline\",\"paths\":[[{\"system\":\"#system#\",\"type\":\"project\",\"id\":\"#projectId#\",\"name\":\"#projectName#\"}],[{\"system\":\"#system#\",\"type\":\"project\",\"id\":\"#projectId#\",\"name\":\"#projectName#\"}]]}]},{\"system\":\"#system#\",\"actions\":[{\"id\":\"codecc_task_analyze\"},{\"id\":\"codecc_task_manage-defect\"},{\"id\":\"codecc_task_view-defect\"},{\"id\":\"codecc_task_view-report\"},{\"id\":\"codecc_task_setting\"},{\"id\":\"codecc_task_manage-permissions\"}],\"resources\":[{\"system\":\"#system#\",\"type\":\"codecc_task\",\"paths\":[[{\"system\":\"#system#\",\"type\":\"project\",\"id\":\"#projectId#\",\"name\":\"#projectName#\"}]]}]},{\"system\":\"#system#\",\"actions\":[{\"id\":\"repertory_view\"},{\"id\":\"repertory_edit\"},{\"id\":\"repertory_delete\"},{\"id\":\"repertory_list\"},{\"id\":\"repertory_use\"}],\"resources\":[{\"system\":\"#system#\",\"type\":\"repertory\",\"paths\":[[{\"system\":\"#system#\",\"type\":\"project\",\"id\":\"#projectId#\",\"name\":\"#projectName#\"}]]}]},{\"system\":\"#system#\",\"actions\":[{\"id\":\"credential_view\"},{\"id\":\"credential_edit\"},{\"id\":\"credential_delete\"},{\"id\":\"credential_list\"},{\"id\":\"credential_use\"}],\"resources\":[{\"system\":\"#system#\",\"type\":\"credential\",\"paths\":[[{\"system\":\"#system#\",\"type\":\"project\",\"id\":\"#projectId#\",\"name\":\"#projectName#\"}]]}]},{\"system\":\"#system#\",\"actions\":[{\"id\":\"cert_view\"},{\"id\":\"cert_edit\"},{\"id\":\"cert_delete\"},{\"id\":\"cert_list\"},{\"id\":\"cert_use\"}],\"resources\":[{\"system\":\"#system#\",\"type\":\"cert\",\"paths\":[[{\"system\":\"#system#\",\"type\":\"project\",\"id\":\"#projectId#\",\"name\":\"#projectName#\"}]]}]},{\"system\":\"#system#\",\"actions\":[{\"id\":\"environment_view\"},{\"id\":\"environment_edit\"},{\"id\":\"environment_delete\"},{\"id\":\"environment_list\"},{\"id\":\"environment_use\"}],\"resources\":[{\"system\":\"#system#\",\"type\":\"environment\",\"paths\":[[{\"system\":\"#system#\",\"type\":\"project\",\"id\":\"#projectId#\",\"name\":\"#projectName#\"}]]}]},{\"system\":\"#system#\",\"actions\":[{\"id\":\"env_node_view\"},{\"id\":\"env_node_edit\"},{\"id\":\"env_node_delete\"},{\"id\":\"env_node_list\"},{\"id\":\"env_node_use\"}],\"resources\":[{\"system\":\"#system#\",\"type\":\"env_node\",\"paths\":[[{\"system\":\"#system#\",\"type\":\"project\",\"id\":\"#projectId#\",\"name\":\"#projectName#\"}]]}]},{\"system\":\"#system#\",\"actions\":[{\"id\":\"experience_task_view\"},{\"id\":\"experience_task_edit\"},{\"id\":\"experience_task_delete\"},{\"id\":\"experience_task_list\"}],\"resources\":[{\"system\":\"#system#\",\"type\":\"experience_task\",\"paths\":[[{\"system\":\"#system#\",\"type\":\"project\",\"id\":\"#projectId#\",\"name\":\"#projectName#\"}]]}]},{\"system\":\"#system#\",\"actions\":[{\"id\":\"experience_group_view\"},{\"id\":\"experience_group_edit\"},{\"id\":\"experience_group_delete\"},{\"id\":\"experience_group_list\"}],\"resources\":[{\"system\":\"#system#\",\"type\":\"experience_group\",\"paths\":[[{\"system\":\"#system#\",\"type\":\"project\",\"id\":\"#projectId#\",\"name\":\"#projectName#\"}]]}]},{\"system\":\"#system#\",\"actions\":[{\"id\":\"rule_edit\"},{\"id\":\"rule_delete\"},{\"id\":\"rule_enable\"}],\"resources\":[{\"system\":\"#system#\",\"type\":\"rule\",\"paths\":[[{\"system\":\"#system#\",\"type\":\"project\",\"id\":\"#projectId#\",\"name\":\"#projectName#\"}]]}]},{\"system\":\"#system#\",\"actions\":[{\"id\":\"quality_group_edit\"},{\"id\":\"quality_group_delete\"}],\"resources\":[{\"system\":\"#system#\",\"type\":\"quality_group\",\"paths\":[[{\"system\":\"#system#\",\"type\":\"project\",\"id\":\"#projectId#\",\"name\":\"#projectName#\"}]]}]}]', '[\"project_visit\",\"project_view\",\"project_edit\",\"project_enable\",\"project_list\",\"project_manage\"]');
REPLACE INTO T_AUTH_RESOURCE_GROUP_CONFIG(`RESOURCE_TYPE`, `GROUP_CODE`, `GROUP_NAME`, `CREATE_MODE`, `DESCRIPTION`, `AUTHORIZATION_SCOPES`, `ACTIONS`) values("project", "visitor", "visitor", 0, 'Visitors can view the pipeline list.', '[{\"system\":\"#system#\",\"actions\":[{\"id\":\"project_visit\"},{\"id\":\"project_list\"}],\"resources\":[{\"system\":\"#system#\",\"type\":\"project\",\"paths\":[[{\"system\":\"#system#\",\"type\":\"project\",\"id\":\"#projectId#\",\"name\":\"#projectName#\"}]]}]},{\"system\":\"#system#\",\"actions\":[{\"id\":\"pipeline_list\"}],\"resources\":[{\"system\":\"#system#\",\"type\":\"pipeline\",\"paths\":[[{\"system\":\"#system#\",\"type\":\"project\",\"id\":\"#projectId#\",\"name\":\"#projectName#\"}],[{\"system\":\"#system#\",\"type\":\"project\",\"id\":\"#projectId#\",\"name\":\"#projectName#\"}]]}]}]', '[\"project_visit\",\"project_list\"]');
REPLACE INTO T_AUTH_RESOURCE_GROUP_CONFIG(`RESOURCE_TYPE`, `GROUP_CODE`, `GROUP_NAME`, `CREATE_MODE`, `DESCRIPTION`, `AUTHORIZATION_SCOPES`, `ACTIONS`) values("project", "developer", "developer", 0, 'Developers can create CI pipelines and related resources, download or share artifacts.', '[{\"system\":\"#system#\",\"actions\":[{\"id\":\"project_visit\"},{\"id\":\"project_list\"},{\"id\":\"pipeline_create\"},{\"id\":\"codecc_task_create\"},{\"id\":\"codecc_task_list\"},{\"id\":\"codecc_rule_set_create\"},{\"id\":\"codecc_rule_set_list\"},{\"id\":\"repertory_create\"},{\"id\":\"credential_create\"},{\"id\":\"cert_create\"},{\"id\":\"environment_create\"},{\"id\":\"env_node_create\"},{\"id\":\"experience_task_create\"},{\"id\":\"experience_group_create\"},{\"id\":\"rule_list\"},{\"id\":\"quality_group_list\"}],\"resources\":[{\"system\":\"#system#\",\"type\":\"project\",\"paths\":[[{\"system\":\"#system#\",\"type\":\"project\",\"id\":\"#projectId#\",\"name\":\"#projectName#\"}]]}]},{\"system\":\"#system#\",\"actions\":[{\"id\":\"pipeline_list\"},{\"id\":\"pipeline_download\"},{\"id\":\"pipeline_share\"}],\"resources\":[{\"system\":\"#system#\",\"type\":\"pipeline\",\"paths\":[[{\"system\":\"#system#\",\"type\":\"project\",\"id\":\"#projectId#\",\"name\":\"#projectName#\"}],[{\"system\":\"#system#\",\"type\":\"project\",\"id\":\"#projectId#\",\"name\":\"#projectName#\"}]]}]},{\"system\":\"#system#\",\"actions\":[{\"id\":\"repertory_list\"}],\"resources\":[{\"system\":\"#system#\",\"type\":\"repertory\",\"paths\":[[{\"system\":\"#system#\",\"type\":\"project\",\"id\":\"#projectId#\",\"name\":\"#projectName#\"}]]}]},{\"system\":\"#system#\",\"actions\":[{\"id\":\"credential_list\"}],\"resources\":[{\"system\":\"#system#\",\"type\":\"credential\",\"paths\":[[{\"system\":\"#system#\",\"type\":\"project\",\"id\":\"#projectId#\",\"name\":\"#projectName#\"}]]}]},{\"system\":\"#system#\",\"actions\":[{\"id\":\"cert_list\"}],\"resources\":[{\"system\":\"#system#\",\"type\":\"cert\",\"paths\":[[{\"system\":\"#system#\",\"type\":\"project\",\"id\":\"#projectId#\",\"name\":\"#projectName#\"}]]}]},{\"system\":\"#system#\",\"actions\":[{\"id\":\"environment_view\"},{\"id\":\"environment_list\"}],\"resources\":[{\"system\":\"#system#\",\"type\":\"environment\",\"paths\":[[{\"system\":\"#system#\",\"type\":\"project\",\"id\":\"#projectId#\",\"name\":\"#projectName#\"}]]}]},{\"system\":\"#system#\",\"actions\":[{\"id\":\"env_node_view\"},{\"id\":\"env_node_list\"}],\"resources\":[{\"system\":\"#system#\",\"type\":\"env_node\",\"paths\":[[{\"system\":\"#system#\",\"type\":\"project\",\"id\":\"#projectId#\",\"name\":\"#projectName#\"}]]}]},{\"system\":\"#system#\",\"actions\":[{\"id\":\"experience_task_view\"},{\"id\":\"experience_task_list\"}],\"resources\":[{\"system\":\"#system#\",\"type\":\"experience_task\",\"paths\":[[{\"system\":\"#system#\",\"type\":\"project\",\"id\":\"#projectId#\",\"name\":\"#projectName#\"}]]}]},{\"system\":\"#system#\",\"actions\":[{\"id\":\"experience_group_view\"},{\"id\":\"experience_group_list\"}],\"resources\":[{\"system\":\"#system#\",\"type\":\"experience_group\",\"paths\":[[{\"system\":\"#system#\",\"type\":\"project\",\"id\":\"#projectId#\",\"name\":\"#projectName#\"}]]}]}]', '[\"project_visit\",\"project_list\"]');
REPLACE INTO T_AUTH_RESOURCE_GROUP_CONFIG(`RESOURCE_TYPE`, `GROUP_CODE`, `GROUP_NAME`, `CREATE_MODE`, `DESCRIPTION`, `AUTHORIZATION_SCOPES`, `ACTIONS`) values("project", "maintainer", "maintainer", 0, 'Ops can create CD pipelines and related resources, download or share artifacts.', '[{\"system\":\"#system#\",\"actions\":[{\"id\":\"project_visit\"},{\"id\":\"project_list\"},{\"id\":\"pipeline_create\"},{\"id\":\"codecc_task_create\"},{\"id\":\"codecc_rule_set_list\"},{\"id\":\"repertory_create\"},{\"id\":\"credential_create\"},{\"id\":\"cert_create\"},{\"id\":\"environment_create\"},{\"id\":\"env_node_create\"},{\"id\":\"rule_list\"},{\"id\":\"quality_group_list\"}],\"resources\":[{\"system\":\"#system#\",\"type\":\"project\",\"paths\":[[{\"system\":\"#system#\",\"type\":\"project\",\"id\":\"#projectId#\",\"name\":\"#projectName#\"}]]}]},{\"system\":\"#system#\",\"actions\":[{\"id\":\"pipeline_list\"},{\"id\":\"pipeline_download\"},{\"id\":\"pipeline_share\"}],\"resources\":[{\"system\":\"#system#\",\"type\":\"pipeline\",\"paths\":[[{\"system\":\"#system#\",\"type\":\"project\",\"id\":\"#projectId#\",\"name\":\"#projectName#\"}],[{\"system\":\"#system#\",\"type\":\"project\",\"id\":\"#projectId#\",\"name\":\"#projectName#\"}]]}]},{\"system\":\"#system#\",\"actions\":[{\"id\":\"repertory_list\"}],\"resources\":[{\"system\":\"#system#\",\"type\":\"repertory\",\"paths\":[[{\"system\":\"#system#\",\"type\":\"project\",\"id\":\"#projectId#\",\"name\":\"#projectName#\"}]]}]},{\"system\":\"#system#\",\"actions\":[{\"id\":\"credential_list\"}],\"resources\":[{\"system\":\"#system#\",\"type\":\"credential\",\"paths\":[[{\"system\":\"#system#\",\"type\":\"project\",\"id\":\"#projectId#\",\"name\":\"#projectName#\"}]]}]},{\"system\":\"#system#\",\"actions\":[{\"id\":\"cert_list\"}],\"resources\":[{\"system\":\"#system#\",\"type\":\"cert\",\"paths\":[[{\"system\":\"#system#\",\"type\":\"project\",\"id\":\"#projectId#\",\"name\":\"#projectName#\"}]]}]},{\"system\":\"#system#\",\"actions\":[{\"id\":\"environment_view\"},{\"id\":\"environment_list\"}],\"resources\":[{\"system\":\"#system#\",\"type\":\"environment\",\"paths\":[[{\"system\":\"#system#\",\"type\":\"project\",\"id\":\"#projectId#\",\"name\":\"#projectName#\"}]]}]},{\"system\":\"#system#\",\"actions\":[{\"id\":\"env_node_view\"},{\"id\":\"env_node_list\"}],\"resources\":[{\"system\":\"#system#\",\"type\":\"env_node\",\"paths\":[[{\"system\":\"#system#\",\"type\":\"project\",\"id\":\"#projectId#\",\"name\":\"#projectName#\"}]]}]},{\"system\":\"#system#\",\"actions\":[{\"id\":\"experience_task_view\"},{\"id\":\"experience_task_list\"}],\"resources\":[{\"system\":\"#system#\",\"type\":\"experience_task\",\"paths\":[[{\"system\":\"#system#\",\"type\":\"project\",\"id\":\"#projectId#\",\"name\":\"#projectName#\"}]]}]},{\"system\":\"#system#\",\"actions\":[{\"id\":\"experience_group_view\"},{\"id\":\"experience_group_list\"}],\"resources\":[{\"system\":\"#system#\",\"type\":\"experience_group\",\"paths\":[[{\"system\":\"#system#\",\"type\":\"project\",\"id\":\"#projectId#\",\"name\":\"#projectName#\"}]]}]}]', '[\"project_visit\",\"project_list\"]');
REPLACE INTO T_AUTH_RESOURCE_GROUP_CONFIG(`RESOURCE_TYPE`, `GROUP_CODE`, `GROUP_NAME`, `CREATE_MODE`, `DESCRIPTION`, `AUTHORIZATION_SCOPES`, `ACTIONS`) values("project", "pm", "pm", 0, 'PM can view the pipeline list, download or share artifacts.', '[{\"system\":\"#system#\",\"actions\":[{\"id\":\"project_visit\"},{\"id\":\"project_list\"},{\"id\":\"codecc_task_list\"},{\"id\":\"codecc_rule_set_list\"},{\"id\":\"rule_list\"},{\"id\":\"quality_group_list\"}],\"resources\":[{\"system\":\"#system#\",\"type\":\"project\",\"paths\":[[{\"system\":\"#system#\",\"type\":\"project\",\"id\":\"#projectId#\",\"name\":\"#projectName#\"}]]}]},{\"system\":\"#system#\",\"actions\":[{\"id\":\"pipeline_list\"},{\"id\":\"pipeline_download\"},{\"id\":\"pipeline_share\"}],\"resources\":[{\"system\":\"#system#\",\"type\":\"pipeline\",\"paths\":[[{\"system\":\"#system#\",\"type\":\"project\",\"id\":\"#projectId#\",\"name\":\"#projectName#\"}],[{\"system\":\"#system#\",\"type\":\"project\",\"id\":\"#projectId#\",\"name\":\"#projectName#\"}]]}]},{\"system\":\"#system#\",\"actions\":[{\"id\":\"repertory_list\"}],\"resources\":[{\"system\":\"#system#\",\"type\":\"repertory\",\"paths\":[[{\"system\":\"#system#\",\"type\":\"project\",\"id\":\"#projectId#\",\"name\":\"#projectName#\"}]]}]},{\"system\":\"#system#\",\"actions\":[{\"id\":\"credential_list\"}],\"resources\":[{\"system\":\"#system#\",\"type\":\"credential\",\"paths\":[[{\"system\":\"#system#\",\"type\":\"project\",\"id\":\"#projectId#\",\"name\":\"#projectName#\"}]]}]},{\"system\":\"#system#\",\"actions\":[{\"id\":\"cert_list\"}],\"resources\":[{\"system\":\"#system#\",\"type\":\"cert\",\"paths\":[[{\"system\":\"#system#\",\"type\":\"project\",\"id\":\"#projectId#\",\"name\":\"#projectName#\"}]]}]},{\"system\":\"#system#\",\"actions\":[{\"id\":\"environment_list\"}],\"resources\":[{\"system\":\"#system#\",\"type\":\"environment\",\"paths\":[[{\"system\":\"#system#\",\"type\":\"project\",\"id\":\"#projectId#\",\"name\":\"#projectName#\"}]]}]},{\"system\":\"#system#\",\"actions\":[{\"id\":\"env_node_list\"}],\"resources\":[{\"system\":\"#system#\",\"type\":\"env_node\",\"paths\":[[{\"system\":\"#system#\",\"type\":\"project\",\"id\":\"#projectId#\",\"name\":\"#projectName#\"}]]}]},{\"system\":\"#system#\",\"actions\":[{\"id\":\"experience_task_view\"},{\"id\":\"experience_task_list\"}],\"resources\":[{\"system\":\"#system#\",\"type\":\"experience_task\",\"paths\":[[{\"system\":\"#system#\",\"type\":\"project\",\"id\":\"#projectId#\",\"name\":\"#projectName#\"}]]}]},{\"system\":\"#system#\",\"actions\":[{\"id\":\"experience_group_view\"},{\"id\":\"experience_group_list\"}],\"resources\":[{\"system\":\"#system#\",\"type\":\"experience_group\",\"paths\":[[{\"system\":\"#system#\",\"type\":\"project\",\"id\":\"#projectId#\",\"name\":\"#projectName#\"}]]}]}]', '[\"project_visit\",\"project_list\"]');
REPLACE INTO T_AUTH_RESOURCE_GROUP_CONFIG(`RESOURCE_TYPE`, `GROUP_CODE`, `GROUP_NAME`, `CREATE_MODE`, `DESCRIPTION`, `AUTHORIZATION_SCOPES`, `ACTIONS`) values("project", "tester", "tester", 0, 'Testers can create test pipelines and related resources, download or share artifacts.', '[{\"system\":\"#system#\",\"actions\":[{\"id\":\"project_visit\"},{\"id\":\"project_list\"},{\"id\":\"pipeline_create\"},{\"id\":\"codecc_task_create\"},{\"id\":\"codecc_task_list\"},{\"id\":\"codecc_rule_set_create\"},{\"id\":\"codecc_rule_set_list\"},{\"id\":\"repertory_create\"},{\"id\":\"credential_create\"},{\"id\":\"cert_create\"},{\"id\":\"environment_create\"},{\"id\":\"env_node_create\"},{\"id\":\"experience_task_create\"},{\"id\":\"experience_group_create\"},{\"id\":\"rule_list\"},{\"id\":\"quality_group_list\"}],\"resources\":[{\"system\":\"#system#\",\"type\":\"project\",\"paths\":[[{\"system\":\"#system#\",\"type\":\"project\",\"id\":\"#projectId#\",\"name\":\"#projectName#\"}]]}]},{\"system\":\"#system#\",\"actions\":[{\"id\":\"pipeline_list\"},{\"id\":\"pipeline_download\"},{\"id\":\"pipeline_share\"}],\"resources\":[{\"system\":\"#system#\",\"type\":\"pipeline\",\"paths\":[[{\"system\":\"#system#\",\"type\":\"project\",\"id\":\"#projectId#\",\"name\":\"#projectName#\"}],[{\"system\":\"#system#\",\"type\":\"project\",\"id\":\"#projectId#\",\"name\":\"#projectName#\"}]]}]},{\"system\":\"#system#\",\"actions\":[{\"id\":\"repertory_list\"}],\"resources\":[{\"system\":\"#system#\",\"type\":\"repertory\",\"paths\":[[{\"system\":\"#system#\",\"type\":\"project\",\"id\":\"#projectId#\",\"name\":\"#projectName#\"}]]}]},{\"system\":\"#system#\",\"actions\":[{\"id\":\"credential_list\"}],\"resources\":[{\"system\":\"#system#\",\"type\":\"credential\",\"paths\":[[{\"system\":\"#system#\",\"type\":\"project\",\"id\":\"#projectId#\",\"name\":\"#projectName#\"}]]}]},{\"system\":\"#system#\",\"actions\":[{\"id\":\"cert_list\"}],\"resources\":[{\"system\":\"#system#\",\"type\":\"cert\",\"paths\":[[{\"system\":\"#system#\",\"type\":\"project\",\"id\":\"#projectId#\",\"name\":\"#projectName#\"}]]}]},{\"system\":\"#system#\",\"actions\":[{\"id\":\"environment_list\"}],\"resources\":[{\"system\":\"#system#\",\"type\":\"environment\",\"paths\":[[{\"system\":\"#system#\",\"type\":\"project\",\"id\":\"#projectId#\",\"name\":\"#projectName#\"}]]}]},{\"system\":\"#system#\",\"actions\":[{\"id\":\"env_node_list\"}],\"resources\":[{\"system\":\"#system#\",\"type\":\"env_node\",\"paths\":[[{\"system\":\"#system#\",\"type\":\"project\",\"id\":\"#projectId#\",\"name\":\"#projectName#\"}]]}]},{\"system\":\"#system#\",\"actions\":[{\"id\":\"experience_task_view\"},{\"id\":\"experience_task_list\"}],\"resources\":[{\"system\":\"#system#\",\"type\":\"experience_task\",\"paths\":[[{\"system\":\"#system#\",\"type\":\"project\",\"id\":\"#projectId#\",\"name\":\"#projectName#\"}]]}]},{\"system\":\"#system#\",\"actions\":[{\"id\":\"experience_group_view\"},{\"id\":\"experience_group_list\"}],\"resources\":[{\"system\":\"#system#\",\"type\":\"experience_group\",\"paths\":[[{\"system\":\"#system#\",\"type\":\"project\",\"id\":\"#projectId#\",\"name\":\"#projectName#\"}]]}]}]', '[\"project_visit\",\"project_list\"]');
REPLACE INTO T_AUTH_RESOURCE_GROUP_CONFIG(`RESOURCE_TYPE`, `GROUP_CODE`, `GROUP_NAME`, `CREATE_MODE`, `DESCRIPTION`, `AUTHORIZATION_SCOPES`, `ACTIONS`) values("project", "qc", "qc", 0, 'QA can manage quality red line rules.', '[{\"system\":\"#system#\",\"actions\":[{\"id\":\"project_visit\"},{\"id\":\"project_list\"},{\"id\":\"codecc_task_list\"},{\"id\":\"codecc_rule_set_list\"},{\"id\":\"rule_create\"},{\"id\":\"rule_list\"},{\"id\":\"quality_group_create\"},{\"id\":\"quality_group_list\"}],\"resources\":[{\"system\":\"#system#\",\"type\":\"project\",\"paths\":[[{\"system\":\"#system#\",\"type\":\"project\",\"id\":\"#projectId#\",\"name\":\"#projectName#\"}]]}]},{\"system\":\"#system#\",\"actions\":[{\"id\":\"pipeline_list\"}],\"resources\":[{\"system\":\"#system#\",\"type\":\"pipeline\",\"paths\":[[{\"system\":\"#system#\",\"type\":\"project\",\"id\":\"#projectId#\",\"name\":\"#projectName#\"}],[{\"system\":\"#system#\",\"type\":\"project\",\"id\":\"#projectId#\",\"name\":\"#projectName#\"}]]}]},{\"system\":\"#system#\",\"actions\":[{\"id\":\"codecc_task_view-defect\"},{\"id\":\"codecc_task_view-report\"}],\"resources\":[{\"system\":\"#system#\",\"type\":\"codecc_task\",\"paths\":[[{\"system\":\"#system#\",\"type\":\"project\",\"id\":\"#projectId#\",\"name\":\"#projectName#\"}]]}]},{\"system\":\"#system#\",\"actions\":[{\"id\":\"repertory_list\"}],\"resources\":[{\"system\":\"#system#\",\"type\":\"repertory\",\"paths\":[[{\"system\":\"#system#\",\"type\":\"project\",\"id\":\"#projectId#\",\"name\":\"#projectName#\"}]]}]},{\"system\":\"#system#\",\"actions\":[{\"id\":\"rule_edit\"},{\"id\":\"rule_delete\"},{\"id\":\"rule_enable\"}],\"resources\":[{\"system\":\"#system#\",\"type\":\"rule\",\"paths\":[[{\"system\":\"#system#\",\"type\":\"project\",\"id\":\"#projectId#\",\"name\":\"#projectName#\"}]]}]},{\"system\":\"#system#\",\"actions\":[{\"id\":\"quality_group_edit\"},{\"id\":\"quality_group_delete\"}],\"resources\":[{\"system\":\"#system#\",\"type\":\"quality_group\",\"paths\":[[{\"system\":\"#system#\",\"type\":\"project\",\"id\":\"#projectId#\",\"name\":\"#projectName#\"}]]}]}]', '[\"project_visit\",\"project_list\"]');

